make[1]: Entering directory '/home/runner/work/kernel_xiaomi_sm6250/kernel_xiaomi_sm6250/out'
  GEN     ./Makefile
scripts/kconfig/conf  --silentoldconfig Kconfig
  CHK     include/config/kernel.release
  UPD     include/config/kernel.release
  GEN     ./Makefile
  WRAP    arch/arm64/include/generated/uapi/asm/errno.h
  WRAP    arch/arm64/include/generated/uapi/asm/ioctl.h
  WRAP    arch/arm64/include/generated/uapi/asm/ioctls.h
  WRAP    arch/arm64/include/generated/uapi/asm/ipcbuf.h
  WRAP    arch/arm64/include/generated/uapi/asm/kvm_para.h
  WRAP    arch/arm64/include/generated/uapi/asm/mman.h
  WRAP    arch/arm64/include/generated/uapi/asm/msgbuf.h
  WRAP    arch/arm64/include/generated/uapi/asm/poll.h
  WRAP    arch/arm64/include/generated/uapi/asm/resource.h
  WRAP    arch/arm64/include/generated/uapi/asm/sembuf.h
  WRAP    arch/arm64/include/generated/uapi/asm/shmbuf.h
  WRAP    arch/arm64/include/generated/uapi/asm/socket.h
  WRAP    arch/arm64/include/generated/uapi/asm/sockios.h
  WRAP    arch/arm64/include/generated/uapi/asm/swab.h
  WRAP    arch/arm64/include/generated/uapi/asm/termbits.h
  WRAP    arch/arm64/include/generated/uapi/asm/termios.h
  WRAP    arch/arm64/include/generated/uapi/asm/types.h
  CHK     include/generated/uapi/linux/version.h
  UPD     include/generated/uapi/linux/version.h
  CHK     include/generated/utsrelease.h
  UPD     include/generated/utsrelease.h
  HOSTCC  scripts/basic/fixdep
  HOSTCC  scripts/basic/bin2c
  Using .. as source for kernel
  WRAP    arch/arm64/include/generated/asm/bugs.h
  WRAP    arch/arm64/include/generated/asm/clkdev.h
  WRAP    arch/arm64/include/generated/asm/delay.h
  WRAP    arch/arm64/include/generated/asm/div64.h
  WRAP    arch/arm64/include/generated/asm/dma.h
  WRAP    arch/arm64/include/generated/asm/dma-contiguous.h
  WRAP    arch/arm64/include/generated/asm/early_ioremap.h
  WRAP    arch/arm64/include/generated/asm/emergency-restart.h
  WRAP    arch/arm64/include/generated/asm/hw_irq.h
  WRAP    arch/arm64/include/generated/asm/irq_regs.h
  WRAP    arch/arm64/include/generated/asm/kdebug.h
  WRAP    arch/arm64/include/generated/asm/kmap_types.h
  WRAP    arch/arm64/include/generated/asm/local.h
  WRAP    arch/arm64/include/generated/asm/local64.h
  WRAP    arch/arm64/include/generated/asm/mcs_spinlock.h
  WRAP    arch/arm64/include/generated/asm/mm-arch-hooks.h
  WRAP    arch/arm64/include/generated/asm/msi.h
  WRAP    arch/arm64/include/generated/asm/preempt.h
  WRAP    arch/arm64/include/generated/asm/qrwlock.h
  WRAP    arch/arm64/include/generated/asm/rwsem.h
  WRAP    arch/arm64/include/generated/asm/segment.h
  WRAP    arch/arm64/include/generated/asm/serial.h
  WRAP    arch/arm64/include/generated/asm/set_memory.h
  WRAP    arch/arm64/include/generated/asm/sizes.h
  WRAP    arch/arm64/include/generated/asm/switch_to.h
  WRAP    arch/arm64/include/generated/asm/trace_clock.h
  WRAP    arch/arm64/include/generated/asm/unaligned.h
  WRAP    arch/arm64/include/generated/asm/user.h
  WRAP    arch/arm64/include/generated/asm/vga.h
  WRAP    arch/arm64/include/generated/asm/xor.h
  HOSTCC  scripts/dtc/dtc.o
  HOSTCC  scripts/genksyms/genksyms.o
  HOSTCC  scripts/dtc/flattree.o
  SHIPPED scripts/genksyms/parse.tab.c
  SHIPPED scripts/genksyms/lex.lex.c
  SHIPPED scripts/genksyms/parse.tab.h
  HOSTCC  scripts/genksyms/parse.tab.o
  HOSTCC  scripts/dtc/fstree.o
  HOSTCC  scripts/genksyms/lex.lex.o
  HOSTCC  scripts/dtc/data.o
  HOSTCC  scripts/dtc/livetree.o
  CC      scripts/mod/empty.o
  HOSTCC  scripts/mod/mk_elfconfig
  CC      scripts/mod/devicetable-offsets.s
  MKELF   scripts/mod/elfconfig.h
  CHK     scripts/mod/devicetable-offsets.h
  UPD     scripts/mod/devicetable-offsets.h
  HOSTLD  scripts/genksyms/genksyms
  HOSTCC  scripts/mod/sumversion.o
  HOSTCC  scripts/dtc/treesource.o
  HOSTCC  scripts/selinux/genheaders/genheaders
  HOSTCC  scripts/dtc/srcpos.o
  HOSTCC  scripts/mod/modpost.o
  HOSTCC  scripts/selinux/mdp/mdp
  HOSTCC  scripts/dtc/checks.o
  HOSTCC  scripts/mod/file2alias.o
  HOSTCC  scripts/dtc/util.o
  HOSTCC  scripts/kallsyms
  HOSTLD  scripts/mod/modpost
  SHIPPED scripts/dtc/dtc-lexer.lex.c
  SHIPPED scripts/dtc/dtc-parser.tab.h
  SHIPPED scripts/dtc/dtc-parser.tab.c
  HOSTCC  scripts/dtc/dtc-lexer.lex.o
  HOSTCC  scripts/dtc/dtc-parser.tab.o
  HOSTCC  scripts/pnmtologo
  HOSTCC  scripts/conmakehash
  HOSTCC  scripts/sortextable
  HOSTLD  scripts/dtc/dtc
  CC      kernel/bounds.s
  CHK     include/generated/timeconst.h
  UPD     include/generated/timeconst.h
  CHK     include/generated/bounds.h
  UPD     include/generated/bounds.h
  CC      arch/arm64/kernel/asm-offsets.s
  CHK     include/generated/asm-offsets.h
  UPD     include/generated/asm-offsets.h
  CALL    ../scripts/checksyscalls.sh
  LDS     arch/arm64/kernel/vdso/vdso.lds
  VDSOC   arch/arm64/kernel/vdso/vgettimeofday.o
  VDSOA   arch/arm64/kernel/vdso/note.o
  VDSOA   arch/arm64/kernel/vdso/sigreturn.o
  VDSOL   arch/arm64/kernel/vdso/vdso.so.dbg
  VDSOSYM include/generated/vdso-offsets.h
  LDS     arch/arm64/kernel/vdso32/vdso.lds
  VDSOC32   arch/arm64/kernel/vdso32/vgettimeofday.o
  VDSOA32   arch/arm64/kernel/vdso32/sigreturn.o
  HOSTCC  arch/arm64/kernel/vdso32/../../../arm/vdso/vdsomunge
  VDSOL32   arch/arm64/kernel/vdso32/vdso.so.raw
  MUNGE   arch/arm64/kernel/vdso32/vdso.so.dbg
  VDSOSYM include/generated/vdso32-offsets.h
  CC      init/main.o
  CHK     include/generated/compile.h
  HOSTCC  usr/gen_init_cpio
  UPD     include/generated/compile.h
  CC      arch/arm64/mm/dma-mapping.o
  CC      arch/arm64/kernel/debug-monitors.o
  GEN     usr/initramfs_data.cpio
  AS      usr/initramfs_data.o
  AR      usr/built-in.o
  CC      init/do_mounts.o
  AS      arch/arm64/kernel/entry.o
  CC      arch/arm64/kernel/irq.o
  CC      init/do_mounts_rd.o
  CC      arch/arm64/kernel/fpsimd.o
  CC      arch/arm64/mm/extable.o
  CC      init/do_mounts_initrd.o
  CC      arch/arm64/mm/fault.o
  AS      arch/arm64/kernel/entry-fpsimd.o
  CC      arch/arm64/kernel/process.o
  AR      arch/arm64/net/built-in.o
  CC      arch/arm64/mm/init.o
  CC      init/do_mounts_dm.o
  CC      arch/arm64/crypto/sha1-ce-glue.o
  CC      arch/arm64/kernel/ptrace.o
  AS      arch/arm64/mm/cache.o
  CC      init/noinitramfs.o
  CC      arch/arm64/mm/copypage.o
  AS      arch/arm64/crypto/sha1-ce-core.o
  CC      arch/arm64/crypto/sha2-ce-glue.o
  CC      init/initramfs.o
  CC      arch/arm64/mm/flush.o
  AS      arch/arm64/crypto/sha2-ce-core.o
  CC      arch/arm64/crypto/ghash-ce-glue.o
  CC      arch/arm64/kernel/setup.o
  CC      init/calibrate.o
  CC      init/init_task.o
  CC      arch/arm64/mm/ioremap.o
  AS      arch/arm64/crypto/ghash-ce-core.o
  AS      arch/arm64/crypto/aes-ce-core.o
  CC      arch/arm64/crypto/aes-ce-glue.o
  CC      arch/arm64/kernel/signal.o
  CC      arch/arm64/mm/mmap.o
  CC      init/version.o
  CC      arch/arm64/crypto/aes-ce-ccm-glue.o
  CC      arch/arm64/mm/pgd.o
  AR      init/mounts.o
  AR      init/built-in.o
  CC      arch/arm64/kernel/sys.o
  CC      kernel/fork.o
  CC      arch/arm64/mm/mmu.o
  AS      arch/arm64/crypto/aes-ce-ccm-core.o
  CC      arch/arm64/crypto/aes-glue-ce.o
  CC      arch/arm64/kernel/stacktrace.o
  AS      arch/arm64/crypto/aes-ce.o
  CC      arch/arm64/crypto/aes-glue-neon.o
  CC      arch/arm64/kernel/time.o
  CC      arch/arm64/mm/context.o
  CC      arch/arm64/kernel/traps.o
  AS      arch/arm64/mm/proc.o
  CC      arch/arm64/mm/pageattr.o
  AS      arch/arm64/crypto/aes-neon.o
  CC      arch/arm64/crypto/sha256-glue.o
  CC      kernel/exec_domain.o
  CC      arch/arm64/mm/dump.o
  CC      arch/arm64/kernel/io.o
  CC      kernel/panic.o
  SHIPPED arch/arm64/crypto/sha256-core.S
  AS      arch/arm64/crypto/aes-cipher-core.o
  CC      arch/arm64/kernel/vdso.o
  CC      arch/arm64/crypto/aes-cipher-glue.o
  AR      arch/arm64/mm/built-in.o
  AS      arch/arm64/kernel/hyp-stub.o
  CC      kernel/cpu.o
  CC      arch/arm64/kernel/psci.o
  AR      arch/arm64/crypto/sha1-ce.o
  AR      arch/arm64/crypto/sha2-ce.o
  AR      arch/arm64/crypto/ghash-ce.o
  AR      arch/arm64/crypto/aes-ce-cipher.o
  AR      arch/arm64/crypto/aes-ce-ccm.o
  AR      arch/arm64/crypto/aes-ce-blk.o
  AR      arch/arm64/crypto/aes-neon-blk.o
  AS      arch/arm64/crypto/sha256-core.o
  AR      arch/arm64/crypto/aes-arm64.o
  AR      arch/arm64/crypto/sha256-arm64.o
  AR      arch/arm64/crypto/built-in.o
  CC      arch/arm64/kernel/cpu_ops.o
  AR      certs/built-in.o
  CC      kernel/exit.o
  CC      mm/filemap.o
  CC      arch/arm64/kernel/insn.o
  CC      arch/arm64/kernel/return_address.o
  CC      fs/open.o
  CC      arch/arm64/kernel/cpuinfo.o
  CC      kernel/softirq.o
  CC      mm/mempool.o
  CC      arch/arm64/kernel/cpu_errata.o
  CC      fs/read_write.o
  CC      arch/arm64/kernel/cpufeature.o
  CC      mm/oom_kill.o
  CC      kernel/resource.o
  CC      arch/arm64/kernel/alternative.o
  CC      arch/arm64/kernel/cacheinfo.o
  CC      fs/file_table.o
  CC      arch/arm64/kernel/smp.o
  CC      kernel/sysctl.o
  CC      mm/maccess.o
  CC      fs/super.o
  CC      mm/page_alloc.o
  CC      arch/arm64/kernel/smp_spin_table.o
  CC      arch/arm64/kernel/topology.o
  CC      fs/char_dev.o
  CC      kernel/sysctl_binary.o
  AS      arch/arm64/kernel/smccc-call.o
  CC      arch/arm64/kernel/sys32.o
  CC      arch/arm64/kernel/signal32.o
  CC      kernel/capability.o
  CC      fs/stat.o
  CC      arch/arm64/kernel/sys_compat.o
  CC      kernel/ptrace.o
  AS      arch/arm64/kernel/entry32.o
  AS      arch/arm64/kernel/kuser32.o
  CC      arch/arm64/kernel/arm64ksyms.o
  CC      fs/exec.o
  CC      mm/page-writeback.o
  CC      arch/arm64/kernel/module.o
  CC      kernel/user.o
  CC      arch/arm64/kernel/module-plts.o
  CC      kernel/signal.o
  CC      arch/arm64/kernel/perf_regs.o
  CC      fs/pipe.o
  CC      arch/arm64/kernel/perf_callchain.o
  CC      mm/readahead.o
  CC      arch/arm64/kernel/perf_event.o
  CC      fs/namei.o
  CC      mm/swap.o
  CC      arch/arm64/kernel/perf_trace_counters.o
  CC      kernel/sys.o
  CC      arch/arm64/kernel/perf_trace_user.o
  CC      arch/arm64/kernel/hw_breakpoint.o
  CC      mm/truncate.o
  AS      arch/arm64/kernel/sleep.o
  CC      fs/fcntl.o
  CC      kernel/umh.o
  CC      mm/vmscan.o
  CC      arch/arm64/kernel/suspend.o
  CC      arch/arm64/kernel/cpuidle.o
  CC      fs/ioctl.o
  CC      kernel/workqueue.o
  CC      arch/arm64/kernel/jump_label.o
  CC      arch/arm64/kernel/pci.o
  CC      arch/arm64/kernel/armv8_deprecated.o
  CC      fs/readdir.o
  CC      mm/shmem.o
  CC      fs/select.o
  CC      arch/arm64/kernel/kaslr.o
  AR      arch/arm64/kernel/probes/built-in.o
  OBJCOPY arch/arm64/kernel/vdso/vdso.so
  AS      arch/arm64/kernel/vdso/vdso.o
  AR      arch/arm64/kernel/vdso/built-in.o
  CC      kernel/pid.o
  OBJCOPY arch/arm64/kernel/vdso32/vdso.so
  AS      arch/arm64/kernel/vdso32/vdso.o
  AR      arch/arm64/kernel/vdso32/built-in.o
  AS      arch/arm64/kernel/head.o
  LDS     arch/arm64/kernel/vmlinux.lds
  AR      arch/arm64/kernel/built-in.o
  CC      kernel/task_work.o
  CC      fs/dcache.o
  CC      kernel/extable.o
  AR      ipc/built-in.o
  CC      mm/util.o
  CC      security/keys/gc.o
  CC      kernel/params.o
  CC      security/keys/key.o
  CC      mm/mmzone.o
  CC      mm/vmstat.o
  CC      kernel/kthread.o
  CC      fs/inode.o
  CC      security/keys/keyring.o
  CC      kernel/sys_ni.o
  CC      mm/backing-dev.o
  CC      security/keys/keyctl.o
  CC      kernel/nsproxy.o
  CC      kernel/notifier.o
  CC      fs/attr.o
  CC      security/keys/permission.o
  CC      mm/mm_init.o
  CC      kernel/ksysfs.o
  CC      fs/bad_inode.o
  CC      security/keys/process_keys.o
  CC      mm/mmu_context.o
  CC      fs/file.o
  CC      kernel/cred.o
  CC      security/keys/request_key.o
  CC      mm/percpu.o
  CC      security/keys/request_key_auth.o
  CC      kernel/reboot.o
  CC      fs/filesystems.o
  CC      security/keys/user_defined.o
  CC      security/keys/compat.o
  CC      fs/namespace.o
  CC      kernel/async.o
  CC      security/keys/proc.o
  CC      mm/slab_common.o
  CC      kernel/range.o
  CC      kernel/smpboot.o
  CC      security/keys/sysctl.o
  AR      security/keys/built-in.o
  CC      security/pfe/pfk.o
  CC      kernel/ucount.o
  CC      security/pfe/pfk_kc.o
  CC      kernel/kmod.o
  CC      fs/seq_file.o
  CC      security/pfe/pfk_ice.o
  CC      mm/compaction.o
  CC      kernel/groups.o
  CC      security/pfe/pfk_ext4.o
  CC      fs/xattr.o
  CC      security/pfe/pfk_f2fs.o
  CC      kernel/bpf/core.o
  AR      security/pfe/built-in.o
  GEN     security/selinux/flask.h security/selinux/av_permissions.h
  CC      security/selinux/avc.o
  CC      fs/libfs.o
  CC      mm/vmacache.o
  CC      mm/swap_slots.o
  CC      security/selinux/hooks.o
  CC      fs/fs-writeback.o
  CC      mm/interval_tree.o
  CC      kernel/bpf/syscall.o
  CC      mm/list_lru.o
  CC      mm/workingset.o
  CC      kernel/bpf/verifier.o
  CC      security/selinux/selinuxfs.o
  CC      mm/debug.o
  CC      fs/pnode.o
  CC      fs/splice.o
  CC      mm/gup.o
  CC      security/selinux/netlink.o
  CC      security/selinux/nlmsgtab.o
  CC      mm/highmem.o
  CC      security/selinux/netif.o
  CC      kernel/bpf/inode.o
  CC      fs/sync.o
  CC      mm/memory.o
  CC      security/selinux/netnode.o
  CC      fs/utimes.o
  CC      kernel/bpf/helpers.o
  CC      security/selinux/netport.o
  CC      fs/stack.o
  CC      kernel/bpf/tnum.o
  CC      kernel/bpf/hashtab.o
  CC      fs/fs_struct.o
  CC      security/selinux/ibpkey.o
  CC      fs/statfs.o
  CC      mm/mincore.o
  CC      security/selinux/exports.o
  CC      kernel/bpf/arraymap.o
  CC      security/selinux/ss/ebitmap.o
  CC      mm/mlock.o
  CC      fs/fs_pin.o
  CC      kernel/bpf/percpu_freelist.o
  CC      security/selinux/ss/hashtab.o
  CC      fs/nsfs.o
  CC      kernel/bpf/bpf_lru_list.o
  CC      security/selinux/ss/symtab.o
  CC      security/selinux/ss/sidtab.o
  CC      mm/mmap.o
  CC      fs/buffer.o
  CC      kernel/bpf/lpm_trie.o
  CC      security/selinux/ss/avtab.o
  CC      kernel/bpf/map_in_map.o
  CC      kernel/bpf/devmap.o
  CC      security/selinux/ss/policydb.o
  CC      kernel/bpf/stackmap.o
  CC      mm/mprotect.o
  CC      fs/block_dev.o
  CC      kernel/bpf/cgroup.o
  CC      mm/mremap.o
  CC      security/selinux/ss/services.o
  CC      mm/msync.o
  AR      kernel/bpf/built-in.o
  CC      kernel/cgroup/cgroup.o
  CC      fs/direct-io.o
  CC      mm/page_vma_mapped.o
  CC      mm/pagewalk.o
  CC      security/selinux/ss/conditional.o
  CC      mm/pgtable-generic.o
  CC      mm/rmap.o
  CC      security/selinux/ss/mls.o
  CC      fs/mpage.o
  CC      security/selinux/ss/status.o
  CC      mm/vmalloc.o
  CC      fs/proc_namespace.o
  CC      security/selinux/netlabel.o
  CC      kernel/cgroup/namespace.o
  CC      fs/configfs/inode.o
  CC      kernel/cgroup/cgroup-v1.o
  AR      security/selinux/selinux.o
  AR      security/selinux/built-in.o
  CC      security/commoncap.o
  CC      fs/configfs/file.o
  CC      mm/process_vm_access.o
  CC      fs/configfs/dir.o
  CC      security/min_addr.o
  CC      kernel/cgroup/freezer.o
  CC      mm/showmem.o
  CC      security/security.o
  CC      mm/vmpressure.o
  CC      kernel/cgroup/cpuset.o
  CC      fs/configfs/symlink.o
  CC      fs/configfs/mount.o
  CC      mm/init-mm.o
  CC      mm/nobootmem.o
  CC      fs/configfs/item.o
  AR      fs/configfs/configfs.o
  AR      kernel/cgroup/built-in.o
  AR      fs/configfs/built-in.o
  CC      kernel/events/core.o
  CC      fs/crypto/crypto.o
  CC      mm/fadvise.o
  CC      security/lsm_audit.o
  CC      mm/madvise.o
  CC      fs/crypto/fname.o
  AR      security/built-in.o
  CC      fs/debugfs/inode.o
  CC      mm/memblock.o
  CC      fs/crypto/hooks.o
  CC      fs/debugfs/file.o
  CC      mm/page_io.o
  CC      fs/crypto/keyinfo.o
  AR      fs/debugfs/debugfs.o
  AR      fs/debugfs/built-in.o
  CC      kernel/events/ring_buffer.o
  CC      mm/swap_state.o
  CC      fs/crypto/policy.o
  CC      mm/swapfile.o
  CC      kernel/events/callchain.o
  CC      fs/crypto/fscrypt_ice.o
  CC      kernel/events/hw_breakpoint.o
  CC      kernel/irq/irqdesc.o
  CC      fs/crypto/bio.o
  AR      kernel/events/built-in.o
  CC      kernel/irq/handle.o
  CC      crypto/api.o
  CC      mm/swap_ratio.o
  AR      fs/crypto/fscrypto.o
  AR      fs/crypto/built-in.o
  CC      fs/devpts/inode.o
  CC      kernel/irq/manage.o
  CC      mm/dmapool.o
  AR      fs/devpts/devpts.o
  AR      fs/devpts/built-in.o
  CC      crypto/cipher.o
  CC      fs/ecryptfs/dentry.o
  CC      fs/ecryptfs/file.o
  CC      crypto/compress.o
  CC      mm/sparse.o
  CC      kernel/irq/spurious.o
  CC      crypto/memneq.o
  CC      fs/ecryptfs/inode.o
  CC      kernel/irq/resend.o
  CC      mm/sparse-vmemmap.o
  CC      kernel/irq/chip.o
  CC      crypto/crypto_wq.o
  CC      fs/ecryptfs/main.o
  CC      mm/slub.o
  CC      crypto/algapi.o
  CC      fs/ecryptfs/super.o
  CC      kernel/irq/dummychip.o
  CC      fs/ecryptfs/mmap.o
  CC      kernel/irq/devres.o
  CC      fs/ecryptfs/read_write.o
  CC      crypto/scatterwalk.o
  CC      kernel/irq/autoprobe.o
  CC      mm/memory_hotplug.o
  CC      fs/ecryptfs/crypto.o
  CC      kernel/irq/irqdomain.o
  CC      crypto/proc.o
  CC      crypto/aead.o
  CC      fs/ecryptfs/keystore.o
  CC      kernel/irq/proc.o
  CC      mm/migrate.o
  CC      kernel/irq/cpuhotplug.o
  CC      crypto/ablkcipher.o
  CC      fs/ecryptfs/kthread.o
  CC      kernel/irq/pm.o
  CC      fs/ecryptfs/debug.o
  CC      mm/page_counter.o
  CC      mm/memcontrol.o
  CC      fs/ecryptfs/messaging.o
  CC      crypto/blkcipher.o
  CC      kernel/irq/msi.o
  CC      fs/ecryptfs/miscdev.o
  CC      kernel/irq/affinity.o
  CC      crypto/skcipher.o
  AR      kernel/irq/built-in.o
  AR      kernel/livepatch/built-in.o
  AR      fs/ecryptfs/ecryptfs.o
  AR      fs/ecryptfs/built-in.o
  CC      kernel/locking/mutex.o
  CC      fs/exfat/exfat_core.o
  CC      kernel/locking/semaphore.o
  CC      crypto/seqiv.o
  CC      kernel/locking/rwsem.o
  CC      crypto/echainiv.o
  CC      kernel/locking/percpu-rwsem.o
  CC      mm/swap_cgroup.o
  CC      fs/exfat/exfat_super.o
  CC      kernel/locking/spinlock.o
  CC      crypto/ahash.o
  CC      mm/page_owner.o
  CC      kernel/locking/osq_lock.o
  CC      kernel/locking/rtmutex.o
  CC      mm/page_isolation.o
  CC      fs/exfat/exfat_api.o
  CC      crypto/shash.o
  CC      kernel/locking/rwsem-xadd.o
  CC      mm/zsmalloc.o
  CC      fs/exfat/exfat_blkdev.o
  CC      kernel/locking/qrwlock.o
  CC      crypto/akcipher.o
  AR      kernel/locking/built-in.o
  CC      kernel/power/qos.o
  CC      fs/exfat/exfat_cache.o
  CC      mm/early_ioremap.o
  CC      fs/exfat/exfat_data.o
  CC      crypto/kpp.o
  CC      mm/cma.o
  CC      fs/exfat/exfat_bitmap.o
  CC      kernel/power/main.o
  CC      fs/exfat/exfat_nls.o
  CC      crypto/acompress.o
  CC      mm/page_ext.o
  CC      fs/exfat/exfat_oal.o
  CC      kernel/power/console.o
  CC      fs/exfat/exfat_upcase.o
  CC      mm/frame_vector.o
  AR      fs/exfat/exfat.o
  AR      fs/exfat/built-in.o
  AR      fs/exofs/built-in.o
  CC      fs/exportfs/expfs.o
  CC      crypto/scompress.o
  CC      mm/usercopy.o
  CC      kernel/power/process.o
  AR      fs/exportfs/exportfs.o
  AR      fs/exportfs/built-in.o
  CC      fs/ext4/balloc.o
  CC      mm/process_reclaim.o
  CC      crypto/algboss.o
  CC      kernel/power/suspend.o
  AR      mm/built-in.o
  CC      crypto/testmgr.o
  CC      fs/f2fs/dir.o
  CC      fs/ext4/bitmap.o
  CC      kernel/power/wakelock.o
  CC      fs/ext4/block_validity.o
  CC      crypto/cmac.o
  CC      fs/f2fs/file.o
  CC      kernel/power/poweroff.o
  CC      kernel/power/wakeup_reason.o
  CC      fs/ext4/dir.o
  CC      crypto/hmac.o
  CC      crypto/xcbc.o
  AR      kernel/power/built-in.o
  CC      kernel/printk/printk.o
  CC      fs/ext4/ext4_jbd2.o
  CC      crypto/crypto_null.o
  CC      fs/ext4/extents.o
  CC      fs/f2fs/inode.o
  CC      crypto/md4.o
  CC      kernel/printk/printk_safe.o
  CC      crypto/md5.o
  AR      kernel/printk/built-in.o
  CC      kernel/rcu/update.o
  CC      fs/f2fs/namei.o
  CC      crypto/sha1_generic.o
  CC      kernel/rcu/sync.o
  CC      kernel/rcu/srcutree.o
  CC      fs/f2fs/hash.o
  CC      fs/ext4/extents_status.o
  CC      crypto/sha256_generic.o
  CC      fs/f2fs/super.o
  CC      kernel/rcu/tree.o
  CC      fs/ext4/file.o
  CC      crypto/gf128mul.o
  CC      fs/ext4/fsmap.o
  CC      crypto/ecb.o
  CC      crypto/cbc.o
  CC      fs/ext4/fsync.o
  CC      fs/f2fs/inline.o
  CC      crypto/cts.o
  CC      kernel/rcu/rcu_segcblist.o
  AR      kernel/rcu/built-in.o
  CC      kernel/sched/core.o
  CC      crypto/xts.o
  CC      fs/ext4/hash.o
  CC      fs/f2fs/checkpoint.o
  CC      fs/ext4/ialloc.o
  CC      crypto/ctr.o
  CC      crypto/gcm.o
  CC      fs/f2fs/gc.o
  CC      fs/ext4/indirect.o
  CC      crypto/cryptd.o
  CC      fs/ext4/inline.o
  CC      fs/f2fs/data.o
  CC      crypto/des_generic.o
  CC      fs/ext4/inode.o
  CC      crypto/twofish_generic.o
  CC      crypto/twofish_common.o
  CC      kernel/sched/loadavg.o
  CC      crypto/aes_generic.o
  CC      fs/f2fs/node.o
  CC      kernel/sched/clock.o
  CC      crypto/arc4.o
  CC      kernel/sched/cputime.o
  CC      crypto/deflate.o
  CC      fs/ext4/ioctl.o
  CC      crypto/crc32c_generic.o
  CC      kernel/sched/idle_task.o
  CC      crypto/crc32_generic.o
  CC      kernel/sched/fair.o
  CC      fs/f2fs/segment.o
  CC      crypto/authenc.o
  CC      fs/ext4/mballoc.o
  CC      crypto/authencesn.o
  CC      crypto/lzo.o
  CC      crypto/rng.o
  CC      fs/f2fs/recovery.o
  CC      fs/ext4/migrate.o
  CC      crypto/ansi_cprng.o
  CC      fs/ext4/mmp.o
  CC      fs/f2fs/shrinker.o
  CC      crypto/drbg.o
  CC      kernel/sched/rt.o
  CC      fs/f2fs/extent_cache.o
  CC      fs/ext4/move_extent.o
  CC      crypto/jitterentropy.o
  CC      crypto/jitterentropy-kcapi.o
  CC      fs/ext4/namei.o
  CC      fs/f2fs/sysfs.o
  CC      crypto/ghash-generic.o
  CC      kernel/sched/deadline.o
  CC      crypto/ecc.o
  CC      fs/f2fs/debug.o
  CC      kernel/sched/wait.o
  CC      crypto/ecdh.o
  CC      fs/f2fs/xattr.o
  CC      fs/ext4/page-io.o
  CC      crypto/ecdh_helper.o
  CC      kernel/sched/wait_bit.o
../fs/ext4/page-io.c:491:3: warning: misleading indentation; statement is not part of the previous 'if' [-Wmisleading-indentation]
                if (IS_ERR(data_page)) {
                ^
../fs/ext4/page-io.c:488:2: note: previous statement is here
        if (!fscrypt_using_hardware_encryption(inode))
        ^
  CC      fs/f2fs/acl.o
  CC      crypto/simd.o
1 warning generated.
  CC      kernel/sched/swait.o
  CC      fs/ext4/readpage.o
  AR      fs/f2fs/f2fs.o
  AR      fs/f2fs/built-in.o
  CC      kernel/sched/completion.o
  CC      fs/fat/cache.o
  AR      crypto/crypto.o
  AR      crypto/crypto_algapi.o
  AR      crypto/crypto_blkcipher.o
  AR      crypto/crypto_hash.o
  AR      crypto/crypto_acompress.o
  AR      crypto/cryptomgr.o
  AR      crypto/jitterentropy_rng.o
  AR      crypto/ecdh_generic.o
  AR      crypto/crypto_simd.o
  AR      crypto/built-in.o
  CC      fs/ext4/resize.o
  CC      kernel/time/time.o
  CC      kernel/sched/idle.o
  CC      fs/fat/dir.o
  CC      kernel/time/timer.o
  CC      fs/ext4/super.o
  CC      kernel/sched/cpupri.o
  CC      fs/fat/fatent.o
  CC      kernel/sched/cpudeadline.o
  CC      kernel/sched/topology.o
  CC      fs/fat/file.o
  CC      kernel/time/hrtimer.o
  CC      kernel/sched/stop_task.o
  CC      fs/fat/inode.o
  CC      kernel/sched/sched_avg.o
  CC      kernel/time/timekeeping.o
  CC      fs/fat/misc.o
  CC      kernel/sched/energy.o
  CC      kernel/time/ntp.o
  CC      kernel/sched/walt.o
  CC      fs/fat/nfs.o
  CC      fs/ext4/symlink.o
  CC      kernel/time/clocksource.o
  CC      fs/fat/namei_vfat.o
  CC      fs/ext4/sysfs.o
  CC      kernel/time/jiffies.o
  CC      fs/fat/namei_msdos.o
  CC      fs/ext4/xattr.o
  CC      kernel/time/timer_list.o
  CC      kernel/sched/boost.o
  AR      fs/fat/fat.o
  AR      fs/fat/vfat.o
  AR      fs/fat/msdos.o
  AR      fs/fat/built-in.o
  CC      kernel/trace/trace_clock.o
  CC      kernel/time/timeconv.o
  CC      kernel/sched/autogroup.o
  CC      kernel/trace/ring_buffer.o
  CC      kernel/time/timecounter.o
  CC      kernel/time/alarmtimer.o
  CC      fs/ext4/xattr_trusted.o
  CC      kernel/sched/stats.o
  CC      fs/ext4/xattr_user.o
  CC      kernel/time/posix-timers.o
  CC      kernel/sched/tune.o
  CC      fs/ext4/xattr_security.o
  CC      kernel/trace/trace.o
  CC      kernel/sched/cpuacct.o
  CC      kernel/time/posix-cpu-timers.o
  AR      fs/ext4/ext4.o
  AR      fs/ext4/built-in.o
  CC      fs/fuse/dev.o
  CC      kernel/sched/cpufreq.o
  CC      kernel/time/posix-clock.o
  CC      kernel/sched/cpufreq_schedutil.o
  CC      kernel/time/itimer.o
  CC      kernel/sched/membarrier.o
  CC      fs/fuse/dir.o
  CC      kernel/time/clockevents.o
  CC      kernel/trace/trace_output.o
  CC      kernel/sched/core_ctl.o
  CC      fs/fuse/file.o
  CC      kernel/time/tick-common.o
  CC      kernel/trace/trace_seq.o
  AR      kernel/sched/built-in.o
  CC      kernel/freezer.o
  CC      kernel/trace/trace_stat.o
  CC      kernel/time/tick-broadcast.o
  CC      kernel/trace/trace_printk.o
  CC      fs/fuse/inode.o
  CC      kernel/time/tick-broadcast-hrtimer.o
  CC      kernel/profile.o
  CC      kernel/time/sched_clock.o
  CC      kernel/trace/trace_sched_switch.o
  CC      kernel/time/tick-oneshot.o
  CC      block/bio.o
  CC      fs/fuse/control.o
  CC      kernel/time/tick-sched.o
  CC      kernel/trace/trace_nop.o
  CC      fs/fuse/xattr.o
  CC      kernel/trace/blktrace.o
  CC      kernel/time/timekeeping_debug.o
  CC      fs/fuse/acl.o
  AR      kernel/time/built-in.o
  CC      block/elevator.o
  CC      fs/jbd2/transaction.o
  CC      kernel/trace/trace_events.o
  AR      fs/fuse/fuse.o
  AR      fs/fuse/built-in.o
  CC      drivers/amba/bus.o
  AR      drivers/amba/built-in.o
  CC      drivers/android/binder.o
  CC      block/blk-core.o
  CC      fs/jbd2/commit.o
  CC      kernel/trace/trace_export.o
  CC      kernel/trace/trace_event_perf.o
  CC      fs/jbd2/recovery.o
  CC      kernel/trace/trace_events_filter.o
  CC      fs/jbd2/checkpoint.o
  CC      block/blk-tag.o
  CC      fs/jbd2/revoke.o
  CC      drivers/android/binder_alloc.o
  CC      fs/jbd2/journal.o
  CC      kernel/trace/trace_events_trigger.o
  CC      block/blk-sysfs.o
  AR      drivers/android/built-in.o
  AR      drivers/auxdisplay/built-in.o
  CC      drivers/base/component.o
  CC      block/blk-flush.o
  CC      kernel/trace/power-traces.o
  CC      drivers/base/core.o
  CC      block/blk-settings.o
  AR      fs/jbd2/jbd2.o
  AR      fs/jbd2/built-in.o
  CC      fs/kernfs/mount.o
  CC      fs/kernfs/inode.o
  CC      block/blk-ioc.o
  CC      kernel/trace/rpm-traces.o
  CC      fs/kernfs/dir.o
  CC      drivers/base/bus.o
  CC      kernel/trace/ipc_logging.o
  CC      block/blk-map.o
  CC      drivers/base/dd.o
  CC      fs/kernfs/file.o
  CC      block/blk-exec.o
  CC      kernel/trace/ipc_logging_debug.o
  CC      drivers/base/syscore.o
  CC      fs/kernfs/symlink.o
  AR      kernel/trace/built-in.o
  CC      kernel/stacktrace.o
  CC      block/blk-merge.o
  AR      fs/kernfs/built-in.o
  CC      fs/nls/nls_base.o
  CC      kernel/futex.o
  CC      fs/nls/nls_cp437.o
  CC      drivers/base/driver.o
  CC      fs/nls/nls_iso8859-1.o
  AR      fs/nls/built-in.o
  CC      fs/notify/fsnotify.o
  CC      drivers/base/class.o
  CC      block/blk-softirq.o
  CC      kernel/futex_compat.o
  CC      drivers/base/platform.o
  CC      fs/notify/notification.o
  CC      block/blk-timeout.o
  CC      kernel/smp.o
  CC      fs/notify/group.o
  CC      block/blk-lib.o
  CC      drivers/base/cpu.o
  CC      fs/notify/mark.o
  CC      kernel/uid16.o
  CC      drivers/base/firmware.o
  CC      block/blk-mq.o
  CC      fs/notify/fdinfo.o
  CC      kernel/module.o
  CC      fs/notify/dnotify/dnotify.o
../block/blk-mq.c:569:44: warning: passing 8-byte aligned argument to 32-byte aligned parameter 2 of 'smp_call_function_single_async' may result in an unaligned pointer access [-Walign-mismatch]
                smp_call_function_single_async(ctx->cpu, &rq->csd);
                                                         ^
  CC      drivers/base/init.o
  CC      drivers/base/map.o
  AR      fs/notify/dnotify/built-in.o
  AR      fs/notify/fanotify/built-in.o
  CC      fs/notify/inotify/inotify_fsnotify.o
  CC      drivers/base/devres.o
  CC      fs/notify/inotify/inotify_user.o
1 warning generated.
  AR      fs/notify/inotify/built-in.o
  AR      fs/notify/built-in.o
  CC      block/blk-mq-tag.o
  CC      fs/overlayfs/super.o
  CC      drivers/base/attribute_container.o
  CC      kernel/kallsyms.o
  CC      drivers/base/transport_class.o
  CC      fs/overlayfs/namei.o
  CC      block/blk-stat.o
  CC      drivers/base/topology.o
  CC      fs/overlayfs/util.o
  CC      kernel/compat.o
  CC      drivers/base/container.o
  CC      fs/overlayfs/inode.o
  CC      block/blk-mq-sysfs.o
  CC      drivers/base/property.o
  CC      fs/overlayfs/dir.o
  CC      block/blk-mq-cpumap.o
  GZIP    kernel/config_data.gz
  CC      kernel/stop_machine.o
  CC      fs/overlayfs/readdir.o
  CC      drivers/base/cacheinfo.o
  CC      block/blk-mq-sched.o
  CC      kernel/audit.o
  CC      fs/overlayfs/copy_up.o
  CC      drivers/base/dma-contiguous.o
  AR      fs/overlayfs/overlay.o
  AR      fs/overlayfs/built-in.o
  CC      drivers/base/power/sysfs.o
  CC      block/ioctl.o
  CC      fs/proc/task_mmu.o
  CC      drivers/base/power/generic_ops.o
  CC      kernel/auditfilter.o
  CC      block/genhd.o
  CC      fs/proc/inode.o
  CC      drivers/base/power/common.o
  CC      fs/proc/root.o
  CC      kernel/seccomp.o
  CC      fs/proc/base.o
  CC      drivers/base/power/qos.o
  CC      block/partition-generic.o
  CC      kernel/utsname_sysctl.o
  CC      kernel/taskstats.o
  CC      drivers/base/power/runtime.o
  CC      block/ioprio.o
  CC      fs/proc/generic.o
  CC      kernel/tsacct.o
  CC      kernel/tracepoint.o
  CC      fs/proc/array.o
  CC      drivers/base/power/wakeirq.o
  CC      block/badblocks.o
  CC      kernel/elfcore.o
  CC      drivers/base/power/main.o
  CC      block/partitions/check.o
  CC      fs/proc/fd.o
  CC      kernel/irq_work.o
  CC      block/partitions/msdos.o
  CC      fs/proc/proc_tty.o
  CC      kernel/cpu_pm.o
  CC      fs/proc/cmdline.o
  CC      block/partitions/efi.o
  CC      fs/proc/consoles.o
  CC      kernel/jump_label.o
  CC      drivers/base/power/wakeup.o
  CC      fs/proc/cpuinfo.o
  AR      block/partitions/built-in.o
  CC      block/bounce.o
  CC      fs/proc/devices.o
  CC      kernel/memremap.o
  CC      fs/proc/interrupts.o
  CC      block/scsi_ioctl.o
  CC      fs/proc/loadavg.o
  CC      drivers/base/power/opp/core.o
  CHK     kernel/config_data.h
  UPD     kernel/config_data.h
  CC      kernel/configs.o
  CC      fs/proc/meminfo.o
  AR      kernel/built-in.o
  CC      drivers/block/brd.o
  CC      block/bsg.o
  CC      fs/proc/stat.o
  CC      drivers/base/power/opp/cpu.o
  CC      drivers/block/loop.o
  CC      fs/proc/uptime.o
  CC      fs/proc/version.o
  CC      drivers/base/power/opp/of.o
  CC      block/blk-cgroup.o
  CC      fs/proc/softirqs.o
  CC      fs/proc/namespaces.o
  CC      drivers/base/power/opp/debugfs.o
  CC      drivers/block/zram/zcomp.o
  CC      fs/proc/self.o
  AR      drivers/base/power/opp/built-in.o
  CC      drivers/base/power/domain.o
  CC      drivers/block/zram/zram_drv.o
  CC      fs/proc/thread_self.o
  CC      block/noop-iosched.o
  CC      fs/proc/uid.o
  CC      block/deadline-iosched.o
  CC      fs/proc/proc_sysctl.o
  AR      drivers/block/zram/zram.o
  AR      drivers/block/zram/built-in.o
  AR      drivers/block/built-in.o
  CC      drivers/bluetooth/bluetooth-power.o
  CC      drivers/base/power/domain_governor.o
  CC      block/cfq-iosched.o
  CC      drivers/base/power/clock_ops.o
  CC      drivers/bluetooth/btfm_slim.o
  CC      drivers/bluetooth/btfm_slim_codec.o
  AR      drivers/base/power/built-in.o
  CC      drivers/base/regmap/regmap.o
  CC      fs/proc/proc_net.o
  CC      drivers/bluetooth/btfm_slim_wcn3990.o
  CC      block/mq-deadline.o
  AR      drivers/bluetooth/built-in.o
  CC      fs/pstore/inode.o
  CC      fs/proc/kmsg.o
  CC      fs/proc/page.o
  CC      block/kyber-iosched.o
  CC      fs/pstore/platform.o
  AR      fs/proc/proc.o
  AR      fs/proc/built-in.o
  CC      sound/sound_core.o
  CC      drivers/base/regmap/regcache.o
  CC      block/compat_ioctl.o
  CC      fs/pstore/pmsg.o
  AR      sound/arm/built-in.o
  AR      sound/atmel/built-in.o
  CC      fs/pstore/ram.o
  CC      sound/core/sound.o
  CC      block/blk-mq-pci.o
  CC      drivers/base/regmap/regcache-rbtree.o
  CC      fs/pstore/ram_core.o
  CC      sound/core/init.o
  CC      drivers/base/regmap/regcache-flat.o
  CC      block/blk-mq-debugfs.o
  CC      drivers/base/regmap/regmap-debugfs.o
  AR      fs/pstore/pstore.o
  AR      fs/pstore/ramoops.o
  AR      fs/pstore/built-in.o
  CC      fs/quota/dquot.o
  CC      sound/core/memory.o
  CC      drivers/base/regmap/regmap-i2c.o
  AR      block/built-in.o
  CC      sound/core/control.o
  CC      drivers/bus/qcom-ebi2.o
  CC      drivers/base/regmap/regmap-spi.o
  AR      drivers/bus/built-in.o
  AR      sound/drivers/mpu401/built-in.o
  AR      sound/drivers/opl3/built-in.o
  AR      sound/drivers/opl4/built-in.o
  AR      sound/drivers/pcsp/built-in.o
  AR      sound/drivers/vx/built-in.o
  AR      sound/drivers/built-in.o
  CC      fs/quota/quota_v2.o
  CC      fs/ramfs/inode.o
  CC      drivers/base/regmap/regmap-spmi.o
  CC      fs/quota/quota_tree.o
  CC      sound/core/misc.o
  CC      fs/ramfs/file-mmu.o
  CC      drivers/base/regmap/regmap-mmio.o
  AR      fs/ramfs/ramfs.o
  AR      fs/ramfs/built-in.o
  AR      sound/firewire/built-in.o
  AR      drivers/base/test/built-in.o
  CC      fs/quota/quota.o
  AR      firmware/built-in.o
  CC      sound/core/device.o
  AR      drivers/cdrom/built-in.o
  CC      drivers/base/regmap/regmap-irq.o
  CC      fs/sdcardfs/dentry.o
  CC      sound/core/info.o
  CC      fs/quota/kqid.o
  CC      fs/sdcardfs/file.o
  CC      fs/quota/netlink.o
  AR      drivers/base/regmap/built-in.o
  CC      drivers/base/dma-mapping.o
  CC      fs/sdcardfs/inode.o
  CC      sound/core/ctljack.o
  CC      sound/core/jack.o
  AR      fs/quota/built-in.o
  CC      fs/sysfs/file.o
  CC      drivers/base/dma-coherent.o
  CC      fs/sdcardfs/main.o
  CC      sound/core/hwdep.o
  CC      fs/sysfs/dir.o
  CC      drivers/base/dma-removed.o
  CC      fs/sdcardfs/super.o
  CC      fs/sysfs/symlink.o
  CC      sound/core/timer.o
  CC      fs/sdcardfs/lookup.o
  CC      drivers/base/firmware_class.o
  CC      fs/sysfs/mount.o
  CC      fs/sdcardfs/mmap.o
  CC      fs/sysfs/group.o
  CC      fs/sdcardfs/packagelist.o
  CC      sound/core/pcm.o
  AR      fs/sysfs/built-in.o
  CC      drivers/base/memory.o
  AR      techpack/audio/asoc/codecs/msm_sdw/built-in.o
  AR      techpack/audio/asoc/codecs/sdm660_cdc/built-in.o
  AR      techpack/audio/asoc/codecs/wcd934x/built-in.o
  AR      techpack/audio/asoc/codecs/wcd9360/built-in.o
  AR      techpack/audio/asoc/codecs/wcd937x/built-in.o
  AR      techpack/audio/asoc/codecs/built-in.o
  AR      techpack/audio/asoc/built-in.o
  AR      techpack/audio/dsp/codecs/built-in.o
  AR      techpack/audio/dsp/built-in.o
  AR      techpack/audio/ipc/built-in.o
  AR      techpack/audio/soc/built-in.o
  AR      techpack/audio/built-in.o
  CC      drivers/base/module.o
  CC      sound/core/pcm_native.o
  CC      fs/sdcardfs/derived_perm.o
  CC      drivers/base/soc.o
  CC      techpack/audio/4.0/asoc/codecs/bolero/bolero-cdc.o
  AR      fs/sdcardfs/sdcardfs.o
  AR      fs/sdcardfs/built-in.o
  CC      fs/tracefs/inode.o
  CC      drivers/base/pinctrl.o
  CC      drivers/base/platform-msi.o
  AR      fs/tracefs/tracefs.o
  AR      fs/tracefs/built-in.o
  CC      fs/eventpoll.o
  CC      techpack/audio/4.0/asoc/codecs/bolero/bolero-cdc-utils.o
  CC      drivers/base/arch_topology.o
  CC      sound/core/pcm_lib.o
  CC      techpack/audio/4.0/asoc/codecs/bolero/bolero-cdc-regmap.o
  AR      drivers/base/built-in.o
  CC      drivers/char/mem.o
  CC      fs/anon_inodes.o
  CC      techpack/audio/4.0/asoc/codecs/bolero/bolero-cdc-tables.o
  CC      fs/signalfd.o
  CC      drivers/char/random.o
  CC      techpack/audio/4.0/asoc/codecs/bolero/bolero-clk-rsc.o
  CC      sound/core/pcm_misc.o
  CC      fs/timerfd.o
  CC      techpack/audio/4.0/asoc/codecs/bolero/wsa-macro.o
  CC      sound/core/pcm_memory.o
  CC      fs/eventfd.o
  CC      drivers/char/misc.o
  CC      sound/core/memalloc.o
  CC      fs/aio.o
  CC      techpack/audio/4.0/asoc/codecs/bolero/va-macro.o
  AR      drivers/char/agp/built-in.o
  CC      drivers/char/diag/diagchar_core.o
  CC      sound/core/pcm_timer.o
  CC      sound/core/pcm_drm_eld.o
  CC      techpack/audio/4.0/asoc/codecs/bolero/tx-macro.o
  CC      fs/locks.o
  CC      sound/core/pcm_iec958.o
  CC      drivers/char/diag/diagchar_hdlc.o
  CC      sound/core/rawmidi.o
  CC      techpack/audio/4.0/asoc/codecs/bolero/rx-macro.o
  CC      drivers/char/diag/diagfwd.o
  CC      drivers/char/diag/diagfwd_peripheral.o
  CC      sound/core/compress_offload.o
  CC      fs/compat.o
  AR      techpack/audio/4.0/asoc/codecs/bolero/bolero_cdc_dlkm.o
  AR      techpack/audio/4.0/asoc/codecs/bolero/wsa_macro_dlkm.o
  AR      techpack/audio/4.0/asoc/codecs/bolero/va_macro_dlkm.o
  AR      techpack/audio/4.0/asoc/codecs/bolero/tx_macro_dlkm.o
  AR      techpack/audio/4.0/asoc/codecs/bolero/rx_macro_dlkm.o
  AR      techpack/audio/4.0/asoc/codecs/bolero/built-in.o
  CC      techpack/audio/4.0/asoc/codecs/tas2562/tas2562-codec.o
  CC      fs/compat_ioctl.o
  CC      drivers/char/diag/diagfwd_socket.o
  AR      sound/core/snd.o
  AR      sound/core/snd-hwdep.o
  AR      sound/core/snd-timer.o
  AR      sound/core/snd-pcm.o
  AR      sound/core/snd-rawmidi.o
  AR      sound/core/snd-compress.o
  AR      sound/core/built-in.o
  AR      sound/hda/built-in.o
  AR      sound/i2c/other/built-in.o
  AR      sound/i2c/built-in.o
  AR      sound/isa/ad1816a/built-in.o
  AR      sound/isa/ad1848/built-in.o
  AR      sound/isa/cs423x/built-in.o
  AR      sound/isa/es1688/built-in.o
  AR      sound/isa/galaxy/built-in.o
  AR      sound/isa/gus/built-in.o
  CC      techpack/audio/4.0/asoc/codecs/tas2562/tas2562-regmap.o
  AR      sound/isa/msnd/built-in.o
  AR      sound/isa/opti9xx/built-in.o
  AR      sound/isa/sb/built-in.o
  AR      sound/isa/wavefront/built-in.o
  AR      sound/isa/wss/built-in.o
  AR      sound/isa/built-in.o
  AR      sound/mips/built-in.o
  AR      sound/parisc/built-in.o
  AR      sound/pci/ac97/built-in.o
  AR      sound/pci/ali5451/built-in.o
  AR      sound/pci/asihpi/built-in.o
  AR      sound/pci/au88x0/built-in.o
  AR      sound/pci/aw2/built-in.o
  AR      sound/pci/ca0106/built-in.o
  AR      sound/pci/cs46xx/built-in.o
  AR      sound/pci/cs5535audio/built-in.o
  AR      sound/pci/ctxfi/built-in.o
  CC      drivers/char/diag/diagfwd_rpmsg.o
  AR      sound/pci/echoaudio/built-in.o
  AR      sound/pci/emu10k1/built-in.o
  AR      sound/pci/hda/built-in.o
../techpack/audio/4.0/asoc/codecs/tas2562/tas2562-regmap.c:684:3: error: misleading indentation; statement is not part of the previous 'else' [-Werror,-Wmisleading-indentation]
                goto reload;
                ^
../techpack/audio/4.0/asoc/codecs/tas2562/tas2562-regmap.c:681:4: note: previous statement is here
        } else
          ^
1 error generated.
  AR      sound/pci/ice1712/built-in.o
make[6]: *** [../scripts/Makefile.build:361: techpack/audio/4.0/asoc/codecs/tas2562/tas2562-regmap.o] Error 1
make[5]: *** [../scripts/Makefile.build:676: techpack/audio/4.0/asoc/codecs/tas2562] Error 2
make[4]: *** [../scripts/Makefile.build:676: techpack/audio/4.0/asoc/codecs] Error 2
make[3]: *** [../scripts/Makefile.build:676: techpack/audio/4.0/asoc] Error 2
make[2]: *** [../scripts/Makefile.build:676: techpack/audio/4.0] Error 2
make[1]: *** [/home/runner/work/kernel_xiaomi_sm6250/kernel_xiaomi_sm6250/Makefile:1127: techpack] Error 2
make[1]: *** Waiting for unfinished jobs....
  CC      drivers/char/diag/diag_mux.o
  AR      sound/pci/korg1212/built-in.o
  AR      sound/pci/lola/built-in.o
  AR      sound/pci/lx6464es/built-in.o
  AR      sound/pci/mixart/built-in.o
  AR      sound/pci/nm256/built-in.o
  AR      sound/pci/oxygen/built-in.o
  AR      sound/pci/pcxhr/built-in.o
  AR      sound/pci/riptide/built-in.o
  AR      sound/pci/rme9652/built-in.o
  AR      sound/pci/trident/built-in.o
  AR      sound/pci/vx222/built-in.o
  AR      sound/pci/ymfpci/built-in.o
  AR      sound/pci/built-in.o
  AR      sound/pcmcia/pdaudiocf/built-in.o
  AR      sound/pcmcia/vx/built-in.o
  AR      sound/pcmcia/built-in.o
  AR      sound/ppc/built-in.o
  AR      sound/sh/built-in.o
  AR      sound/sparc/built-in.o
  CC      fs/binfmt_script.o
  CC      sound/soc/soc-core.o
  CC      drivers/char/diag/diag_memorydevice.o
  CC      drivers/char/hw_random/core.o
  CC      fs/binfmt_elf.o
  CC      drivers/char/diag/diag_usb.o
  CC      drivers/char/hw_random/msm_rng.o
../fs/binfmt_elf.c:679:12: warning: stack frame size of 4464 bytes in function 'load_elf_binary' [-Wframe-larger-than=]
static int load_elf_binary(struct linux_binprm *bprm)
           ^
  CC      drivers/char/diag/diagmem.o
1 warning generated.
  CC      fs/compat_binfmt_elf.o
  CC      drivers/char/hw_random/cavium-rng.o
  CC      drivers/char/diag/diagfwd_cntl.o
  CC      drivers/char/hw_random/cavium-rng-vf.o
In file included from ../fs/compat_binfmt_elf.c:131:
../fs/binfmt_elf.c:679:12: warning: stack frame size of 4432 bytes in function 'load_elf_binary' [-Wframe-larger-than=]
static int load_elf_binary(struct linux_binprm *bprm)
           ^
1 warning generated.
  AR      drivers/char/hw_random/rng-core.o
  CC      fs/mbcache.o
  AR      drivers/char/hw_random/built-in.o
  CC      drivers/char/adsprpc.o
  CC      drivers/char/diag/diag_dci.o
  CC      sound/soc/soc-dapm.o
  CC      fs/posix_acl.o
  CC      drivers/char/diag/diag_masks.o
  CC      fs/coredump.o
  CC      drivers/char/adsprpc_compat.o
  CC      drivers/char/diag/diag_debugfs.o
  CC      sound/soc/soc-jack.o
  AR      drivers/char/ipmi/built-in.o
  CC      fs/drop_caches.o
  CC      drivers/char/diag/diag_pcie.o
  CC      drivers/clk/clk-devres.o
  CC      fs/dcookies.o
  CC      sound/soc/soc-cache.o
  AR      drivers/char/diag/diagchar.o
  AR      drivers/char/diag/built-in.o
  CC      drivers/char/fastcvpd.o
  CC      drivers/clk/clk-bulk.o
  CC      sound/soc/soc-utils.o
  AR      fs/built-in.o
  CC      drivers/clocksource/timer-of.o
  CC      drivers/clk/clkdev.o
  AR      drivers/char/built-in.o
  AR      sound/spi/built-in.o
  CC      sound/soc/soc-pcm.o
  CC      drivers/clocksource/timer-probe.o
  CC      drivers/clk/clk.o
  CC      drivers/clocksource/arm_arch_timer.o
  CC      drivers/cpufreq/cpufreq.o
  CC      drivers/clocksource/dummy_timer.o
  AR      drivers/clocksource/built-in.o
  CC      sound/soc/soc-io.o
  CC      sound/soc/soc-devres.o
  CC      drivers/cpufreq/freq_table.o
  CC      sound/soc/soc-ops.o
  AR      sound/synth/built-in.o
  CC      drivers/clk/clk-divider.o
  CC      drivers/cpufreq/cpufreq_stats.o
  CC      drivers/cpuidle/cpuidle.o
  CC      drivers/cpufreq/cpufreq_times.o
  CC      drivers/clk/clk-fixed-factor.o
  CC      sound/soc/soc-compress.o
  CC      drivers/cpufreq/cpufreq_performance.o
  CC      drivers/clk/clk-fixed-rate.o
  CC      drivers/cpufreq/cpufreq_powersave.o
  CC      drivers/cpuidle/driver.o
  AR      sound/soc/adi/built-in.o
  AR      sound/soc/amd/built-in.o
  AR      sound/soc/atmel/built-in.o
  AR      sound/soc/au1x/built-in.o
  AR      sound/soc/bcm/built-in.o
  AR      sound/soc/blackfin/built-in.o
  AR      sound/soc/cirrus/built-in.o
  CC      drivers/cpufreq/cpufreq_userspace.o
  CC      sound/soc/codecs/hdmi-codec.o
  CC      drivers/clk/clk-gate.o
  CC      drivers/cpufreq/cpufreq_governor_attr_set.o
  CC      drivers/cpuidle/governor.o
  AR      sound/soc/codecs/snd-soc-hdmi-codec.o
  AR      sound/soc/codecs/built-in.o
  CC      drivers/clk/clk-multiplier.o
  AR      sound/soc/davinci/built-in.o
  CC      drivers/cpuidle/sysfs.o
  AR      sound/soc/dwc/built-in.o
  CC      drivers/cpufreq/cpu-boost.o
  AR      sound/soc/fsl/built-in.o
  AR      sound/soc/generic/built-in.o
  AR      sound/soc/hisilicon/built-in.o
  AR      sound/soc/img/built-in.o
  AR      sound/soc/intel/boards/built-in.o
  AR      sound/soc/intel/built-in.o
  AR      sound/soc/jz4740/built-in.o
  AR      sound/soc/kirkwood/built-in.o
  AR      sound/soc/mediatek/built-in.o
  AR      sound/soc/mxs/built-in.o
  AR      sound/soc/nuc900/built-in.o
  AR      sound/soc/omap/built-in.o
  AR      sound/soc/pxa/built-in.o
  AR      sound/soc/qcom/built-in.o
  AR      sound/soc/rockchip/built-in.o
  AR      sound/soc/samsung/built-in.o
  AR      sound/soc/sh/built-in.o
  AR      sound/soc/sirf/built-in.o
  AR      sound/soc/spear/built-in.o
  AR      sound/soc/sti/built-in.o
  AR      sound/soc/stm/built-in.o
  AR      sound/soc/sunxi/built-in.o
  AR      sound/soc/tegra/built-in.o
  AR      sound/soc/txx9/built-in.o
  AR      drivers/cpufreq/built-in.o
  AR      sound/soc/ux500/built-in.o
  CC      drivers/clk/clk-mux.o
  AR      sound/soc/xtensa/built-in.o
  AR      drivers/cpuidle/governors/built-in.o
  CC      drivers/cpuidle/dt_idle_states.o
  AR      sound/soc/zte/built-in.o
  CC      drivers/crypto/msm/qce50.o
  AR      sound/soc/snd-soc-core.o
  AR      sound/soc/built-in.o
  CC      sound/usb/card.o
../drivers/crypto/msm/qce50.c:4679:28: warning: bitwise negation of a boolean expression always evaluates to 'true'; did you mean logical negation? [-Wbool-operation]
                        pce_dev->cadence_flag = ~pce_dev->cadence_flag;
                                                ^~~~~~~~~~~~~~~~~~~~~~
                                                !
  CC      drivers/clk/clk-composite.o
  CC      drivers/cpuidle/cpuidle-arm.o
  CC      sound/usb/clock.o
  CC      drivers/clk/clk-fractional-divider.o
  CC      drivers/cpuidle/lpm-levels.o
  CC      sound/usb/endpoint.o
  CC      drivers/clk/clk-gpio.o
  CC      sound/usb/format.o
  CC      drivers/clk/clk-conf.o
1 warning generated.
  CC      sound/usb/helper.o
  CC      drivers/clk/clk-xgene.o
  CC      drivers/cpuidle/lpm-levels-of.o
  CC      drivers/crypto/msm/qcedev_smmu.o
  CC      sound/usb/mixer.o
  AR      drivers/clk/bcm/built-in.o
  AR      drivers/clk/imgtec/built-in.o
  AR      drivers/clk/mvebu/built-in.o
  CC      drivers/clk/qcom/common.o
  AR      drivers/cpuidle/built-in.o
  AR      drivers/clk/renesas/built-in.o
  CC      drivers/crypto/msm/qcedev.o
  AR      sound/x86/built-in.o
  CC      sound/usb/mixer_quirks.o
  CC      drivers/clk/qcom/clk-regmap.o
../drivers/crypto/msm/qcedev.c:1808:4: warning: misleading indentation; statement is not part of the previous 'if' [-Wmisleading-indentation]
                        goto exit_free_qcedev_areq;
                        ^
../drivers/crypto/msm/qcedev.c:1805:3: note: previous statement is here
                if (copy_to_user((void __user *)arg, &qcedev_areq->sha_op_req,
                ^
../drivers/crypto/msm/qcedev.c:1900:4: warning: misleading indentation; statement is not part of the previous 'if' [-Wmisleading-indentation]
                        goto exit_free_qcedev_areq;
                        ^
../drivers/crypto/msm/qcedev.c:1897:3: note: previous statement is here
                if (copy_to_user((void __user *)arg, &qcedev_areq->sha_op_req,
                ^
  CC      drivers/dax/super.o
  CC      sound/usb/mixer_scarlett.o
  CC      drivers/clk/qcom/clk-alpha-pll.o
  CC      sound/usb/mixer_us16x08.o
  AR      drivers/dax/dax.o
  AR      drivers/dax/built-in.o
  CC      drivers/devfreq/devfreq.o
2 warnings generated.
  CC      sound/usb/pcm.o
  CC      drivers/clk/qcom/clk-pll.o
  CC      drivers/crypto/msm/qcrypto.o
  CC      drivers/devfreq/governor_simpleondemand.o
  CC      sound/usb/proc.o
  CC      drivers/devfreq/governor_performance.o
  CC      drivers/clk/qcom/clk-rcg.o
  CC      sound/usb/quirks.o
  CC      drivers/devfreq/governor_powersave.o
  CC      drivers/devfreq/governor_userspace.o
  CC      drivers/clk/qcom/clk-rcg2.o
  CC      sound/usb/stream.o
  CC      drivers/devfreq/governor_passive.o
  CC      drivers/devfreq/governor_msm_adreno_tz.o
  CC      sound/usb/badd.o
  CC      drivers/clk/qcom/clk-branch.o
  CC      drivers/crypto/msm/ice.o
  CC      sound/usb/midi.o
  CC      drivers/devfreq/governor_bw_vbif.o
  CC      drivers/clk/qcom/clk-regmap-divider.o
  CC      drivers/devfreq/governor_gpubw_mon.o
  AR      drivers/crypto/msm/qcedevice.o
  AR      drivers/crypto/msm/built-in.o
  AR      drivers/crypto/built-in.o
  AR      sound/usb/6fire/built-in.o
  CC      drivers/clk/qcom/clk-regmap-mux.o
  AR      drivers/clk/ti/built-in.o
  CC      sound/last.o
  CC      drivers/devfreq/bimc-bwmon.o
  AR      sound/usb/bcd2000/built-in.o
  AR      sound/usb/caiaq/built-in.o
  AR      sound/usb/hiface/built-in.o
  AR      sound/usb/misc/built-in.o
  AR      sound/usb/usx2y/built-in.o
  CC      sound/usb/usb_audio_qmi_v01.o
  CC      sound/usb/usb_audio_qmi_svc.o
  CC      drivers/dma/dmaengine.o
  CC      drivers/clk/qcom/clk-regmap-mux-div.o
  CC      drivers/devfreq/arm-memlat-mon.o
  CC      drivers/clk/qcom/reset.o
  AR      sound/usb/snd-usb-audio.o
  AR      sound/usb/snd-usbmidi-lib.o
  AR      sound/usb/built-in.o
  AR      sound/soundcore.o
  AR      sound/built-in.o
  CC      drivers/clk/qcom/clk-voter.o
  CC      drivers/dma-buf/dma-buf.o
  CC      drivers/dma/virt-dma.o
  CC      drivers/devfreq/msmcci-hwmon.o
  CC      drivers/clk/qcom/clk-dummy.o
  CC      drivers/devfreq/m4m-hwmon.o
  CC      drivers/dma/of-dma.o
  CC      drivers/dma-buf/dma-fence.o
  CC      drivers/devfreq/governor_bw_hwmon.o
  CC      drivers/clk/qcom/clk-debug.o
  CC      drivers/dma/qcom/gpi.o
  CC      drivers/clk/qcom/gdsc-regulator.o
  CC      drivers/devfreq/governor_cache_hwmon.o
  CC      drivers/dma-buf/dma-fence-array.o
  CC      drivers/clk/qcom/gdsc.o
  CC      drivers/devfreq/governor_memlat.o
  CC      drivers/dma-buf/reservation.o
  AR      drivers/dma/qcom/built-in.o
  AR      drivers/dma/xilinx/built-in.o
  AR      drivers/dma/built-in.o
  CC      drivers/edac/edac_mc.o
  CC      drivers/clk/qcom/clk-cpu-osm.o
  CC      drivers/dma-buf/seqno-fence.o
  CC      drivers/devfreq/governor_cdsp_l3.o
  CC      drivers/devfreq/devfreq_devbw.o
  CC      drivers/clk/qcom/camcc-sm6150.o
  CC      drivers/dma-buf/sync_file.o
  CC      drivers/edac/edac_device.o
  CC      drivers/clk/qcom/camcc-sm8150.o
  CC      drivers/devfreq/devfreq_simple_dev.o
  AR      drivers/dma-buf/built-in.o
  CC      drivers/clk/qcom/camcc-sdmmagpie.o
  CC      drivers/esoc/esoc_bus.o
  CC      drivers/edac/edac_mc_sysfs.o
  AR      drivers/devfreq/built-in.o
  CC      drivers/extcon/extcon.o
  CC      drivers/clk/qcom/clk-aop-qmp.o
  CC      drivers/esoc/esoc_dev.o
  CC      drivers/clk/qcom/clk-rpmh.o
  CC      drivers/edac/edac_module.o
  CC      drivers/clk/qcom/debugcc-sm6150.o
  CC      drivers/extcon/devres.o
  CC      drivers/esoc/esoc_client.o
  CC      drivers/edac/edac_device_sysfs.o
  CC      drivers/clk/qcom/dispcc-sm6150.o
  CC      drivers/extcon/extcon-usb-gpio.o
  CC      drivers/esoc/esoc-mdm-pon.o
  CC      drivers/clk/qcom/dispcc-sm8150.o
  CC      drivers/edac/wq.o
  AR      drivers/extcon/extcon-core.o
  AR      drivers/extcon/built-in.o
  AR      drivers/firewire/built-in.o
  CC      drivers/esoc/esoc-mdm-4x.o
  CC      drivers/clk/qcom/dispcc-sdmmagpie.o
  CC      drivers/edac/edac_pci.o
  CC      drivers/clk/qcom/debugcc-sdmmagpie.o
  CC      drivers/firmware/psci.o
  CC      drivers/esoc/esoc-mdm-drv.o
  CC      drivers/clk/qcom/gcc-sm6150.o
  CC      drivers/edac/edac_pci_sysfs.o
  CC      drivers/firmware/qcom_scm.o
  CC      drivers/esoc/esoc-mdm-dbg-eng.o
  CC      drivers/clk/qcom/gcc-sm8150.o
  CC      drivers/edac/kryo_arm64_edac.o
  CC      drivers/clk/qcom/gcc-sdmmagpie.o
  AR      drivers/esoc/built-in.o
  CC      drivers/firmware/qcom_scm-64.o
  CC      drivers/gpio/devres.o
  CC      drivers/clk/qcom/gpucc-sdmmagpie.o
  AR      drivers/firmware/broadcom/built-in.o
  AR      drivers/firmware/meson/built-in.o
  AR      drivers/edac/edac_core.o
  CC      drivers/firmware/qcom/tz_log.o
  AR      drivers/edac/built-in.o
  AR      drivers/firmware/tegra/built-in.o
  CC      drivers/gpio/gpiolib.o
  CC      drivers/gpu/drm/drm_crtc_helper.o
  CC      drivers/clk/qcom/gpucc-sm6150.o
  CC      drivers/clk/qcom/gpucc-sm8150.o
  AR      drivers/firmware/qcom/built-in.o
  AR      drivers/firmware/built-in.o
  CC      drivers/gpio/gpiolib-legacy.o
  CC      drivers/clk/qcom/npucc-sdmmagpie.o
  CC      drivers/gpu/drm/drm_dp_helper.o
  CC      drivers/clk/qcom/npucc-sm8150.o
  CC      drivers/gpu/msm/kgsl.o
  CC      drivers/gpio/gpiolib-devprop.o
  CC      drivers/clk/qcom/scc-sm6150.o
  CC      drivers/gpio/gpiolib-of.o
  CC      drivers/clk/qcom/videocc-sdmmagpie.o
  CC      drivers/gpu/drm/drm_probe_helper.o
  CC      drivers/gpio/gpiolib-sysfs.o
  CC      drivers/clk/qcom/videocc-sm6150.o
  CC      drivers/clk/qcom/videocc-sm8150.o
  CC      drivers/gpu/drm/drm_plane_helper.o
  AR      drivers/gpio/built-in.o
  CC      drivers/hid/hid-core.o
  CC      drivers/clk/qcom/camcc-atoll.o
  CC      drivers/clk/qcom/debugcc-atoll.o
  CC      drivers/clk/qcom/dispcc-atoll.o
  CC      drivers/gpu/msm/kgsl_trace.o
  CC      drivers/gpu/drm/drm_dp_mst_topology.o
  CC      drivers/hid/hid-input.o
  CC      drivers/clk/qcom/gcc-atoll.o
  CC      drivers/clk/qcom/npucc-atoll.o
  CC      drivers/clk/qcom/videocc-atoll.o
  CC      drivers/clk/qcom/clk-spmi-pmic-div.o
  CC      drivers/hid/hid-debug.o
  CC      drivers/gpu/drm/drm_atomic_helper.o
  CC      drivers/clk/qcom/mdss/mdss-pll-util.o
  CC      drivers/gpu/msm/kgsl_drawobj.o
  CC      drivers/hid/uhid.o
  CC      drivers/clk/qcom/mdss/mdss-pll.o
  CC      drivers/clk/qcom/mdss/mdss-dsi-pll-10nm.o
  CC      drivers/gpu/drm/drm_kms_helper_common.o
  CC      drivers/hid/hid-generic.o
  CC      drivers/gpu/msm/kgsl_ioctl.o
  CC      drivers/hid/hid-apple.o
  CC      drivers/gpu/drm/drm_dp_dual_mode_helper.o
  CC      drivers/clk/qcom/mdss/mdss-dp-pll-10nm.o
  CC      drivers/gpu/msm/kgsl_sharedmem.o
  CC      drivers/hid/hid-elecom.o
  CC      drivers/clk/qcom/mdss/mdss-dp-pll-10nm-util.o
  CC      drivers/hid/hid-magicmouse.o
  CC      drivers/gpu/drm/drm_simple_kms_helper.o
  CC      drivers/clk/qcom/mdss/mdss-dsi-pll-7nm.o
  CC      drivers/hid/hid-microsoft.o
  CC      drivers/gpu/msm/kgsl_pwrctrl.o
  CC      drivers/hid/hid-multitouch.o
  CC      drivers/gpu/drm/drm_modeset_helper.o
  CC      drivers/clk/qcom/mdss/mdss-dp-pll-7nm.o
  CC      drivers/hid/hid-plantronics.o
  CC      drivers/clk/qcom/mdss/mdss-dp-pll-7nm-util.o
  CC      drivers/hid/hid-sony.o
  CC      drivers/gpu/drm/drm_scdc_helper.o
  CC      drivers/clk/qcom/mdss/mdss-dsi-pll-28lpm.o
  CC      drivers/clk/qcom/mdss/mdss-dsi-pll-28nm-util.o
  CC      drivers/gpu/msm/kgsl_pwrscale.o
  CC      drivers/gpu/drm/drm_gem_framebuffer_helper.o
  CC      drivers/hid/usbhid/hid-core.o
  CC      drivers/clk/qcom/mdss/mdss-dsi-pll-14nm.o
  CC      drivers/clk/qcom/mdss/mdss-dsi-pll-14nm-util.o
  CC      drivers/gpu/drm/bridge/panel.o
  CC      drivers/gpu/msm/kgsl_mmu.o
  CC      drivers/hid/usbhid/hid-quirks.o
  CC      drivers/clk/qcom/mdss/mdss-dp-pll-14nm.o
  CC      drivers/clk/qcom/mdss/mdss-hdmi-pll-28lpm.o
  CC      drivers/gpu/drm/drm_auth.o
  AR      drivers/hid/usbhid/usbhid.o
  AR      drivers/hid/usbhid/built-in.o
  CC      drivers/hid/hid-qvr.o
  CC      drivers/gpu/msm/kgsl_snapshot.o
  AR      drivers/clk/qcom/mdss/built-in.o
  AR      drivers/clk/qcom/clk-qcom.o
  AR      drivers/clk/qcom/built-in.o
  AR      drivers/clk/built-in.o
  CC      drivers/hwmon/hwmon.o
  CC      drivers/hid/hid-trace.o
  CC      drivers/gpu/drm/drm_bufs.o
  AR      drivers/hid/hid.o
  AR      drivers/hid/built-in.o
  CC      drivers/hwspinlock/hwspinlock_core.o
  CC      drivers/gpu/msm/kgsl_events.o
  AR      drivers/hwmon/built-in.o
  AR      drivers/hwtracing/intel_th/built-in.o
  CC      drivers/gpu/vga/vgaarb.o
  CC      drivers/hwspinlock/qcom_hwspinlock.o
  CC      drivers/gpu/drm/drm_cache.o
  AR      drivers/hwspinlock/built-in.o
  CC      drivers/gpu/msm/kgsl_pool.o
  CC      drivers/gpu/drm/drm_context.o
  AR      drivers/gpu/vga/built-in.o
  CC      drivers/gpu/msm/kgsl_gmu_core.o
  CC      drivers/gpu/drm/drm_dma.o
  CC      drivers/hwtracing/stm/core.o
  CC      drivers/i2c/i2c-boardinfo.o
  CC      drivers/gpu/msm/kgsl_gmu.o
  CC      drivers/gpu/drm/drm_file.o
  CC      drivers/i2c/i2c-core-base.o
  CC      drivers/hwtracing/stm/policy.o
  CC      drivers/gpu/msm/kgsl_rgmu.o
  CC      drivers/gpu/drm/drm_gem.o
  AR      drivers/hwtracing/stm/stm_core.o
  AR      drivers/hwtracing/stm/built-in.o
  AR      drivers/idle/built-in.o
  CC      drivers/i2c/i2c-core-smbus.o
  CC      drivers/gpu/msm/kgsl_hfi.o
  CC      drivers/gpu/drm/drm_ioctl.o
  CC      drivers/gpu/msm/kgsl_iommu.o
  CC      drivers/i2c/i2c-core-of.o
  CC      drivers/iio/industrialio-core.o
  CC      drivers/gpu/drm/drm_irq.o
  CC      drivers/i2c/i2c-dev.o
  CC      drivers/i2c/i2c-mux.o
  CC      drivers/iio/industrialio-event.o
  CC      drivers/gpu/msm/kgsl_debugfs.o
  CC      drivers/gpu/drm/drm_lock.o
  CC      drivers/i2c/algos/i2c-algo-bit.o
  CC      drivers/gpu/msm/kgsl_sync.o
  CC      drivers/iio/inkern.o
  CC      drivers/gpu/drm/drm_memory.o
  AR      drivers/i2c/algos/built-in.o
  CC      drivers/i2c/busses/i2c-qcom-geni.o
  CC      drivers/gpu/msm/kgsl_compat.o
  AR      drivers/iio/accel/built-in.o
  CC      drivers/iio/adc/qcom-vadc-common.o
  CC      drivers/gpu/drm/drm_drv.o
  CC      drivers/gpu/msm/adreno_ioctl.o
  AR      drivers/i2c/busses/built-in.o
  CC      drivers/i2c/muxes/i2c-mux-pca954x.o
  CC      drivers/iio/adc/qcom-spmi-adc5.o
  CC      drivers/gpu/msm/adreno_ringbuffer.o
  AR      drivers/i2c/muxes/built-in.o
  AR      drivers/i2c/i2c-core.o
  AR      drivers/i2c/built-in.o
  AR      drivers/iio/amplifiers/built-in.o
  CC      drivers/gpu/msm/adreno_drawctxt.o
  AR      drivers/iio/adc/built-in.o
  AR      drivers/iio/buffer/built-in.o
  AR      drivers/iio/chemical/built-in.o
  AR      drivers/iio/common/cros_ec_sensors/built-in.o
  AR      drivers/iio/common/hid-sensors/built-in.o
  CC      drivers/gpu/drm/drm_scatter.o
  AR      drivers/iio/common/ms_sensors/built-in.o
  AR      drivers/iio/common/ssp_sensors/built-in.o
  AR      drivers/iio/common/st_sensors/built-in.o
  AR      drivers/iio/common/built-in.o
  AR      drivers/iio/counter/built-in.o
  AR      drivers/iio/dac/built-in.o
  AR      drivers/iio/dummy/built-in.o
  AR      drivers/iio/frequency/built-in.o
  AR      drivers/iio/gyro/built-in.o
  AR      drivers/iio/health/built-in.o
  AR      drivers/iio/humidity/built-in.o
  AR      drivers/iio/imu/bmi160/built-in.o
  AR      drivers/iio/imu/inv_mpu6050/built-in.o
  AR      drivers/iio/imu/st_asm330lhh/built-in.o
  AR      drivers/iio/imu/st_lsm6dsx/built-in.o
  AR      drivers/iio/imu/built-in.o
  AR      drivers/iio/light/built-in.o
  AR      drivers/iio/magnetometer/built-in.o
  AR      drivers/iio/multiplexer/built-in.o
  AR      drivers/iio/orientation/built-in.o
  AR      drivers/iio/potentiometer/built-in.o
  AR      drivers/iio/potentiostat/built-in.o
  AR      drivers/iio/pressure/built-in.o
  AR      drivers/iio/proximity/built-in.o
  AR      drivers/iio/temperature/built-in.o
  AR      drivers/iio/trigger/built-in.o
  AR      drivers/iio/industrialio.o
  CC      drivers/input/input.o
  AR      drivers/iio/built-in.o
  CC      drivers/input/serio/serio.o
  CC      drivers/gpu/drm/drm_pci.o
  CC      drivers/gpu/msm/adreno_dispatch.o
  CC      drivers/input/serio/libps2.o
  CC      drivers/gpu/drm/drm_sysfs.o
  CC      drivers/input/input-compat.o
  CC      drivers/gpu/msm/adreno_snapshot.o
  AR      drivers/input/serio/built-in.o
  CC      drivers/iommu/iommu.o
  CC      drivers/input/input-mt.o
  CC      drivers/gpu/drm/drm_hashtab.o
  CC      drivers/gpu/msm/adreno_coresight.o
  CC      drivers/input/ff-core.o
  CC      drivers/gpu/drm/drm_mm.o
  CC      drivers/iommu/iommu-traces.o
  CC      drivers/gpu/msm/adreno_trace.o
  CC      drivers/input/input-leds.o
  CC      drivers/input/evdev.o
  CC      drivers/gpu/drm/drm_crtc.o
  CC      drivers/iommu/iommu-sysfs.o
  CC      drivers/gpu/msm/adreno_a3xx.o
  CC      drivers/iommu/dma-iommu.o
  CC      drivers/input/fingerprint/fpc1020_tee.o
  CC      drivers/gpu/drm/drm_fourcc.o
  CC      drivers/input/fingerprint/gf3208/gf_spi.o
  CC      drivers/gpu/msm/adreno_a4xx.o
  CC      drivers/iommu/msm_dma_iommu_mapping.o
  CC      drivers/gpu/drm/drm_modes.o
  CC      drivers/iommu/io-pgtable.o
  CC      drivers/input/fingerprint/gf3208/platform.o
  CC      drivers/input/fingerprint/gf3208/netlink.o
  CC      drivers/iommu/io-pgtable-arm.o
  CC      drivers/gpu/msm/adreno_a5xx.o
  CC      drivers/gpu/drm/drm_edid.o
  AR      drivers/input/fingerprint/gf3208/built-in.o
  AR      drivers/input/fingerprint/built-in.o
  CC      drivers/input/keyboard/atkbd.o
  CC      drivers/iommu/iova.o
  CC      drivers/input/keyboard/gpio_keys.o
  CC      drivers/iommu/io-pgtable-fast.o
  CC      drivers/gpu/msm/adreno_a6xx.o
  AR      drivers/input/keyboard/built-in.o
  CC      drivers/input/misc/qpnp-power-on.o
  CC      drivers/iommu/dma-mapping-fast.o
  CC      drivers/gpu/drm/drm_info.o
  CC      drivers/iommu/of_iommu.o
  CC      drivers/gpu/msm/adreno_a3xx_snapshot.o
  CC      drivers/input/misc/uinput.o
  CC      drivers/gpu/drm/drm_encoder_slave.o
  CC      drivers/gpu/msm/adreno_a4xx_snapshot.o
  CC      drivers/iommu/iommu-debug.o
  AR      drivers/input/misc/built-in.o
  CC      drivers/input/touchscreen/ft8756_spi/focaltech_core.o
  CC      drivers/gpu/drm/drm_trace_points.o
  CC      drivers/gpu/msm/adreno_a5xx_snapshot.o
  CC      drivers/input/touchscreen/ft8756_spi/focaltech_ex_fun.o
  CC      drivers/gpu/drm/drm_global.o
  CC      drivers/gpu/msm/adreno_a6xx_snapshot.o
  CC      drivers/iommu/arm-smmu.o
  CC      drivers/gpu/drm/drm_prime.o
  CC      drivers/input/touchscreen/ft8756_spi/focaltech_ex_mode.o
  CC      drivers/input/touchscreen/ft8756_spi/focaltech_gesture.o
  CC      drivers/gpu/msm/adreno_a4xx_preempt.o
  CC      drivers/gpu/drm/drm_rect.o
  CC      drivers/input/touchscreen/ft8756_spi/focaltech_esdcheck.o
  CC      drivers/gpu/msm/adreno_a5xx_preempt.o
  CC      drivers/input/touchscreen/ft8756_spi/focaltech_point_report_check.o
  CC      drivers/gpu/drm/drm_vma_manager.o
  CC      drivers/iommu/arm-smmu-errata.o
  CC      drivers/input/touchscreen/ft8756_spi/focaltech_spi.o
  CC      drivers/iommu/arm-smmu-debug.o
  CC      drivers/gpu/msm/adreno_a6xx_preempt.o
  CC      drivers/input/touchscreen/ft8756_spi/focaltech_flash.o
  AR      drivers/iommu/built-in.o
  CC      drivers/input/touchscreen/nt36xxx_spi/nt36xxx.o
  CC      drivers/gpu/drm/drm_flip_work.o
  CC      drivers/gpu/msm/adreno_a6xx_gmu.o
  AR      drivers/input/touchscreen/ft8756_spi/built-in.o
  CC      drivers/input/touchscreen/of_touchscreen.o
  CC      drivers/gpu/drm/drm_modeset_lock.o
  CC      drivers/input/touchscreen/nt36xxx_spi/nt36xxx_fw_update.o
  CC      drivers/gpu/msm/adreno_a6xx_rgmu.o
  CC      drivers/irqchip/irqchip.o
  CC      drivers/input/touchscreen/nt36xxx_spi/nt36xxx_ext_proc.o
  CC      drivers/gpu/drm/drm_atomic.o
  CC      drivers/irqchip/irq-gic.o
  CC      drivers/gpu/msm/adreno_sysfs.o
  AR      drivers/input/touchscreen/nt36xxx_spi/built-in.o
  AR      drivers/input/touchscreen/built-in.o
  AR      drivers/input/input-core.o
  AR      drivers/input/built-in.o
  CC      drivers/leds/led-core.o
  CC      drivers/irqchip/irq-gic-common.o
  CC      drivers/gpu/msm/adreno.o
  CC      drivers/irqchip/irq-gic-v2m.o
  CC      drivers/leds/led-class.o
  CC      drivers/gpu/drm/drm_bridge.o
  CC      drivers/irqchip/irq-gic-v3.o
  CC      drivers/leds/led-triggers.o
  CC      drivers/gpu/drm/drm_framebuffer.o
  CC      drivers/leds/leds-qpnp-flash-v2.o
  CC      drivers/irqchip/irq-gic-v3-its.o
  CC      drivers/gpu/msm/adreno_cp_parser.o
  CC      drivers/gpu/drm/drm_connector.o
  CC      drivers/leds/leds-qti-tri-led.o
  CC      drivers/gpu/msm/adreno_perfcounter.o
  CC      drivers/irqchip/irq-gic-v3-its-pci-msi.o
  CC      drivers/leds/trigger/ledtrig-timer.o
  AR      drivers/leds/trigger/built-in.o
  AR      drivers/leds/built-in.o
  AR      drivers/macintosh/built-in.o
  CC      drivers/mailbox/mailbox.o
  CC      drivers/gpu/drm/drm_blend.o
  CC      drivers/irqchip/irq-gic-v3-its-platform-msi.o
  CC      drivers/gpu/msm/adreno_iommu.o
  CC      drivers/irqchip/irq-gic-v4.o
  CC      drivers/mailbox/qcom-apcs-ipc-mailbox.o
  CC      drivers/irqchip/irq-partition-percpu.o
  CC      drivers/gpu/drm/drm_encoder.o
  CC      drivers/gpu/msm/adreno_debugfs.o
  CC      drivers/mailbox/qcom-rpmh-mailbox.o
  CC      drivers/irqchip/msm_show_resume_irq.o
  CC      drivers/irqchip/qcom/pdc.o
  CC      drivers/gpu/msm/adreno_profile.o
  CC      drivers/gpu/drm/drm_mode_object.o
  CC      drivers/mailbox/msm_qmp.o
  CC      drivers/gpu/msm/adreno_compat.o
  CC      drivers/irqchip/qcom/pdc-sdmmagpie.o
  AR      drivers/mailbox/built-in.o
  CC      drivers/md/dm-uevent.o
  CC      drivers/gpu/drm/drm_property.o
  CC      drivers/irqchip/qcom/pdc-atoll.o
  AR      drivers/gpu/msm/msm_kgsl_core.o
  AR      drivers/gpu/msm/msm_adreno.o
  AR      drivers/gpu/msm/built-in.o
  AR      drivers/media/common/b2c2/built-in.o
  AR      drivers/media/common/saa7146/built-in.o
  AR      drivers/media/common/siano/built-in.o
  AR      drivers/media/common/v4l2-tpg/built-in.o
  AR      drivers/media/common/built-in.o
  CC      drivers/media/dvb-core/dvbdev.o
  AR      drivers/irqchip/qcom/built-in.o
  AR      drivers/irqchip/built-in.o
  AR      drivers/media/dvb-frontends/built-in.o
  CC      drivers/md/dm.o
  CC      drivers/gpu/drm/drm_plane.o
  CC      drivers/gpu/drm/drm_color_mgmt.o
  CC      drivers/media/dvb-core/dmxdev.o
  CC      drivers/gpu/drm/drm_print.o
  AR      drivers/media/firewire/built-in.o
  CC      drivers/mfd/mfd-core.o
  CC      drivers/md/dm-table.o
  CC      drivers/gpu/drm/drm_dumb_buffers.o
  CC      drivers/mfd/qcom-i2c-pmic.o
  CC      drivers/media/dvb-core/dvb_demux.o
  CC      drivers/gpu/drm/drm_mode_config.o
  CC      drivers/mfd/qcom-spmi-pmic.o
  CC      drivers/md/dm-target.o
  CC      drivers/mfd/syscon.o
  CC      drivers/gpu/drm/drm_vblank.o
  AR      drivers/mfd/built-in.o
  CC      drivers/misc/board_id.o
  CC      drivers/md/dm-linear.o
  CC      drivers/media/dvb-core/dvb_ca_en50221.o
  CC      drivers/misc/aw8624_haptic/aw8624.o
  CC      drivers/md/dm-stripe.o
  CC      drivers/gpu/drm/drm_syncobj.o
  CC      drivers/media/dvb-core/dvb_frontend.o
  CC      drivers/md/dm-ioctl.o
  AR      drivers/misc/aw8624_haptic/built-in.o
  AR      drivers/misc/cb710/built-in.o
  CC      drivers/misc/drv2624_haptic/drv2624.o
  CC      drivers/gpu/drm/drm_lease.o
  CC      drivers/media/dvb-core/dvb_net.o
  CC      drivers/md/dm-io.o
  CC      drivers/misc/drv2624_haptic/parse_rtp.o
  CC      drivers/gpu/drm/drm_ioc32.o
  AR      drivers/misc/drv2624_haptic/built-in.o
  AR      drivers/misc/eeprom/built-in.o
  AR      drivers/misc/lis3lv02d/built-in.o
  AR      drivers/misc/mic/bus/built-in.o
  AR      drivers/misc/mic/built-in.o
  AR      drivers/misc/ti-st/built-in.o
  CC      drivers/misc/hdcp_qseecom.o
  CC      drivers/md/dm-kcopyd.o
  CC      drivers/media/dvb-core/dvb_ringbuffer.o
  CC      drivers/media/dvb-core/dvb_math.o
  CC      drivers/gpu/drm/ati_pcigart.o
  CC      drivers/misc/msm_hdcp.o
  AR      drivers/media/dvb-core/dvb-core.o
  AR      drivers/media/dvb-core/built-in.o
  AR      drivers/media/i2c/soc_camera/built-in.o
  CC      drivers/media/i2c/ir-kbd-i2c.o
  CC      drivers/md/dm-sysfs.o
  CC      drivers/misc/qseecom.o
  AR      drivers/media/i2c/built-in.o
  AR      drivers/media/mmc/siano/built-in.o
  AR      drivers/media/mmc/built-in.o
  CC      drivers/gpu/drm/drm_panel.o
  CC      drivers/md/dm-stats.o
  AR      drivers/media/pci/b2c2/built-in.o
  AR      drivers/media/pci/ddbridge/built-in.o
  AR      drivers/media/pci/dm1105/built-in.o
  AR      drivers/media/pci/mantis/built-in.o
  AR      drivers/media/pci/netup_unidvb/built-in.o
  AR      drivers/media/pci/ngene/built-in.o
  AR      drivers/media/pci/pluto2/built-in.o
  AR      drivers/media/pci/pt1/built-in.o
  AR      drivers/media/pci/pt3/built-in.o
  AR      drivers/media/pci/saa7146/built-in.o
  AR      drivers/media/pci/smipcie/built-in.o
  AR      drivers/media/pci/ttpci/built-in.o
  AR      drivers/media/pci/built-in.o
  AR      drivers/media/platform/blackfin/built-in.o
  AR      drivers/media/platform/davinci/built-in.o
  AR      drivers/media/platform/meson/built-in.o
  CC      drivers/media/platform/msm/camera/cam_cdm/cam_cdm_soc.o
  CC      drivers/gpu/drm/drm_of.o
  CC      drivers/media/platform/msm/camera/cam_cdm/cam_cdm_util.o
  CC      drivers/md/dm-rq.o
  CC      drivers/media/platform/msm/camera/cam_cdm/cam_cdm_intf.o
  CC      drivers/gpu/drm/drm_debugfs.o
  CC      drivers/md/dm-builtin.o
  CC      drivers/media/platform/msm/camera/cam_cdm/cam_cdm_core_common.o
  CC      drivers/gpu/drm/drm_debugfs_crc.o
  CC      drivers/media/platform/msm/camera/cam_cdm/cam_cdm_virtual_core.o
  CC      drivers/md/dm-bufio.o
  CC      drivers/misc/uid_sys_stats.o
  CC      drivers/media/platform/msm/camera/cam_cdm/cam_cdm_hw_core.o
  CC      drivers/gpu/drm/drm_mipi_dsi.o
  CC      drivers/misc/memory_state_time.o
  AR      drivers/media/platform/msm/camera/cam_cdm/built-in.o
  CC      drivers/media/platform/msm/camera/cam_core/cam_context.o
  CC      drivers/md/dm-crypt.o
  AR      drivers/gpu/drm/bridge/synopsys/built-in.o
  CC      drivers/gpu/drm/bridge/analogix-anx7625.o
  CC      drivers/media/platform/msm/camera/cam_core/cam_context_utils.o
  CC      drivers/misc/qpnp-misc.o
  AR      drivers/misc/built-in.o
  CC      drivers/media/platform/msm/npu_v2/npu_dbg.o
  CC      drivers/media/platform/msm/camera/cam_core/cam_node.o
  AR      drivers/gpu/drm/bridge/built-in.o
  AR      drivers/gpu/drm/hisilicon/built-in.o
  AR      drivers/gpu/drm/i2c/built-in.o
  CC      drivers/media/platform/msm/npu_v2/npu_dev.o
  CC      drivers/md/dm-default-key.o
  CC      drivers/gpu/drm/msm/dp/dp_usbpd.o
  CC      drivers/media/platform/msm/camera/cam_core/cam_subdev.o
  CC      drivers/md/dm-verity-fec.o
  CC      drivers/gpu/drm/msm/dp/dp_parser.o
  AR      drivers/media/platform/msm/camera/cam_core/built-in.o
  CC      drivers/media/platform/msm/camera/cam_cpas/camss_top/cam_camsstop_hw.o
  CC      drivers/media/platform/msm/npu_v2/npu_debugfs.o
  AR      drivers/media/platform/msm/camera/cam_cpas/camss_top/built-in.o
  CC      drivers/media/platform/msm/camera/cam_cpas/cpas_top/cam_cpastop_hw.o
  CC      drivers/md/dm-verity-target.o
  CC      drivers/gpu/drm/msm/dp/dp_power.o
  CC      drivers/media/platform/msm/npu_v2/npu_host_ipc.o
  AR      drivers/media/platform/msm/camera/cam_cpas/cpas_top/built-in.o
  CC      drivers/media/platform/msm/camera/cam_cpas/cam_cpas_soc.o
  CC      drivers/gpu/drm/msm/dp/dp_catalog.o
  CC      drivers/media/platform/msm/npu_v2/npu_hw_access.o
  CC      drivers/media/platform/msm/camera/cam_cpas/cam_cpas_intf.o
  AR      drivers/md/dm-mod.o
  AR      drivers/md/dm-verity.o
  AR      drivers/md/built-in.o
  AR      drivers/media/platform/omap/built-in.o
  CC      drivers/media/platform/msm/npu_v2/npu_mgr.o
  AR      drivers/media/radio/built-in.o
  CC      drivers/media/platform/msm/sde/rotator/sde_rotator_dev.o
  CC      drivers/media/platform/msm/camera/cam_cpas/cam_cpas_hw.o
  CC      drivers/gpu/drm/msm/dp/dp_catalog_v420.o
  CC      drivers/gpu/drm/msm/dp/dp_catalog_v200.o
  AR      drivers/media/platform/msm/npu_v2/msm_npu.o
  AR      drivers/media/platform/msm/npu_v2/built-in.o
  AR      drivers/gpu/drm/omapdrm/displays/built-in.o
  AR      drivers/gpu/drm/omapdrm/dss/built-in.o
  AR      drivers/gpu/drm/omapdrm/built-in.o
  CC      drivers/media/platform/msm/camera/cam_fd/fd_hw_mgr/fd_hw/cam_fd_hw_dev.o
  AR      drivers/media/platform/msm/camera/cam_cpas/built-in.o
  AR      drivers/media/platform/stm32/built-in.o
  CC      drivers/mmc/core/core.o
  CC      drivers/gpu/drm/msm/dp/dp_aux.o
  CC      drivers/media/platform/msm/camera/cam_fd/fd_hw_mgr/fd_hw/cam_fd_hw_core.o
  CC      drivers/media/platform/msm/sde/rotator/sde_rotator_core.o
  CC      drivers/gpu/drm/msm/dp/dp_panel.o
  CC      drivers/media/platform/msm/camera/cam_fd/fd_hw_mgr/fd_hw/cam_fd_hw_soc.o
  AR      drivers/media/platform/msm/camera/cam_fd/fd_hw_mgr/fd_hw/built-in.o
  CC      drivers/media/platform/msm/camera/cam_fd/fd_hw_mgr/cam_fd_hw_mgr.o
  CC      drivers/media/platform/msm/sde/rotator/sde_rotator_base.o
  CC      drivers/mmc/core/bus.o
  AR      drivers/media/platform/msm/camera/cam_fd/fd_hw_mgr/built-in.o
  CC      drivers/media/platform/msm/camera/cam_fd/cam_fd_dev.o
  CC      drivers/media/platform/msm/sde/rotator/sde_rotator_formats.o
  CC      drivers/gpu/drm/msm/dp/dp_link.o
  CC      drivers/media/platform/msm/camera/cam_fd/cam_fd_context.o
  CC      drivers/media/platform/msm/sde/rotator/sde_rotator_util.o
  CC      drivers/mmc/core/host.o
  AR      drivers/media/platform/msm/camera/cam_fd/built-in.o
  CC      drivers/media/platform/msm/camera/cam_hyp_intf/cam_hyp_intf.o
  CC      drivers/gpu/drm/msm/dp/dp_ctrl.o
  CC      drivers/media/platform/msm/sde/rotator/sde_rotator_io_util.o
  AR      drivers/media/platform/msm/camera/cam_hyp_intf/built-in.o
  CC      drivers/media/platform/msm/camera/cam_icp/icp_hw/a5_hw/a5_dev.o
  CC      drivers/mmc/core/mmc.o
  CC      drivers/media/platform/msm/sde/rotator/sde_rotator_smmu.o
  CC      drivers/gpu/drm/msm/dp/dp_audio.o
  CC      drivers/media/platform/msm/camera/cam_icp/icp_hw/a5_hw/a5_core.o
  CC      drivers/media/platform/msm/sde/rotator/sde_rotator_r1_wb.o
  CC      drivers/gpu/drm/msm/dp/dp_debug.o
  CC      drivers/mmc/core/mmc_ops.o
  CC      drivers/media/platform/msm/camera/cam_icp/icp_hw/a5_hw/a5_soc.o
  CC      drivers/media/platform/msm/sde/rotator/sde_rotator_r1_pipe.o
  AR      drivers/media/platform/msm/camera/cam_icp/icp_hw/a5_hw/built-in.o
  CC      drivers/media/platform/msm/camera/cam_icp/icp_hw/bps_hw/bps_dev.o
  CC      drivers/media/platform/msm/sde/rotator/sde_rotator_r1_ctl.o
  CC      drivers/mmc/core/sd.o
  CC      drivers/gpu/drm/msm/dp/dp_mst_sim_helper.o
  CC      drivers/media/platform/msm/sde/rotator/sde_rotator_r1.o
  CC      drivers/media/platform/msm/camera/cam_icp/icp_hw/bps_hw/bps_core.o
  CC      drivers/gpu/drm/msm/dp/dp_mst_sim.o
  CC      drivers/mmc/core/sd_ops.o
  CC      drivers/media/platform/msm/sde/rotator/sde_rotator_r3.o
  CC      drivers/media/platform/msm/camera/cam_icp/icp_hw/bps_hw/bps_soc.o
  AR      drivers/media/platform/msm/camera/cam_icp/icp_hw/bps_hw/built-in.o
  CC      drivers/media/platform/msm/camera/cam_icp/icp_hw/icp_hw_mgr/cam_icp_hw_mgr.o
  CC      drivers/gpu/drm/msm/dp/dp_hpd.o
  CC      drivers/mmc/core/sdio.o
../drivers/media/platform/msm/camera/cam_icp/icp_hw/icp_hw_mgr/cam_icp_hw_mgr.c:3684:17: warning: multiple unsequenced modifications to 'num_cmd_buf' [-Wunsequenced]
                                        num_cmd_buf-- : 0;
                                                   ^
../drivers/media/platform/msm/camera/cam_icp/icp_hw/icp_hw_mgr/cam_icp_hw_mgr.c:3708:17: warning: multiple unsequenced modifications to 'num_cmd_buf' [-Wunsequenced]
                                        num_cmd_buf-- : 0;
                                                   ^
  CC      drivers/gpu/drm/msm/dp/dp_aux_bridge.o
  CC      drivers/media/platform/msm/sde/rotator/sde_rotator_sync.o
  CC      drivers/gpu/drm/msm/dp/dp_bridge_hpd.o
  CC      drivers/mmc/core/sdio_ops.o
  AR      drivers/media/platform/msm/sde/rotator/built-in.o
  AR      drivers/media/platform/msm/sde/built-in.o
  CC      drivers/media/platform/msm/camera/cam_icp/icp_hw/ipe_hw/ipe_dev.o
2 warnings generated.
  CC      drivers/gpu/drm/msm/dp/dp_gpio_hpd.o
  CC      drivers/mmc/core/sdio_bus.o
  AR      drivers/media/platform/msm/camera/cam_icp/icp_hw/icp_hw_mgr/built-in.o
  CC      drivers/net/bonding/bond_main.o
  CC      drivers/media/platform/msm/camera/cam_icp/icp_hw/ipe_hw/ipe_core.o
  CC      drivers/gpu/drm/msm/dp/dp_lphw_hpd.o
  CC      drivers/mmc/core/sdio_cis.o
  CC      drivers/media/platform/msm/camera/cam_icp/icp_hw/ipe_hw/ipe_soc.o
  CC      drivers/gpu/drm/msm/dp/dp_display.o
  AR      drivers/media/platform/msm/camera/cam_icp/icp_hw/ipe_hw/built-in.o
  AR      drivers/media/platform/msm/camera/cam_icp/icp_hw/built-in.o
  CC      drivers/media/platform/msm/camera/cam_icp/cam_icp_subdev.o
  CC      drivers/mmc/core/sdio_io.o
  CC      drivers/media/platform/msm/camera/cam_icp/cam_icp_context.o
  CC      drivers/net/bonding/bond_3ad.o
  CC      drivers/gpu/drm/msm/dp/dp_drm.o
  CC      drivers/mmc/core/sdio_irq.o
  CC      drivers/media/platform/msm/camera/cam_icp/hfi.o
  CC      drivers/gpu/drm/msm/dp/dp_hdcp2p2.o
  AR      drivers/media/platform/msm/camera/cam_icp/built-in.o
  CC      drivers/net/bonding/bond_alb.o
  CC      drivers/media/platform/msm/camera/cam_isp/isp_hw_mgr/hw_utils/cam_tasklet_util.o
  CC      drivers/mmc/core/slot-gpio.o
  CC      drivers/media/platform/msm/camera/cam_isp/isp_hw_mgr/hw_utils/cam_isp_packet_parser.o
  CC      drivers/gpu/drm/msm/dp/dp_mst_drm.o
  CC      drivers/mmc/core/pwrseq.o
  CC      drivers/media/platform/msm/camera/cam_isp/isp_hw_mgr/hw_utils/irq_controller/cam_irq_controller.o
  CC      drivers/net/bonding/bond_sysfs.o
  AR      drivers/media/platform/msm/camera/cam_isp/isp_hw_mgr/hw_utils/irq_controller/built-in.o
  AR      drivers/media/platform/msm/camera/cam_isp/isp_hw_mgr/hw_utils/built-in.o
  CC      drivers/media/platform/msm/camera/cam_isp/isp_hw_mgr/isp_hw/ife_csid_hw/cam_csid_ppi_dev.o
  CC      drivers/gpu/drm/msm/sde/sde_crtc.o
  CC      drivers/mmc/core/debugfs.o
  CC      drivers/net/bonding/bond_sysfs_slave.o
  CC      drivers/media/platform/msm/camera/cam_isp/isp_hw_mgr/isp_hw/ife_csid_hw/cam_csid_ppi_core.o
  CC      drivers/mmc/core/pwrseq_simple.o
  CC      drivers/net/bonding/bond_debugfs.o
  CC      drivers/media/platform/msm/camera/cam_isp/isp_hw_mgr/isp_hw/ife_csid_hw/cam_csid_ppi170.o
  CC      drivers/mmc/core/pwrseq_emmc.o
  CC      drivers/net/bonding/bond_netlink.o
  CC      drivers/media/platform/msm/camera/cam_isp/isp_hw_mgr/isp_hw/ife_csid_hw/cam_ife_csid_dev.o
  CC      drivers/mmc/core/block.o
  CC      drivers/media/platform/msm/camera/cam_isp/isp_hw_mgr/isp_hw/ife_csid_hw/cam_ife_csid_soc.o
  CC      drivers/net/bonding/bond_options.o
  CC      drivers/media/platform/msm/camera/cam_isp/isp_hw_mgr/isp_hw/ife_csid_hw/cam_ife_csid_core.o
  CC      drivers/gpu/drm/msm/sde/sde_encoder.o
  CC      drivers/net/bonding/bond_procfs.o
  CC      drivers/mmc/core/queue.o
  AR      drivers/net/bonding/bonding.o
  AR      drivers/net/bonding/built-in.o
  CC      drivers/media/platform/msm/camera/cam_isp/isp_hw_mgr/isp_hw/ife_csid_hw/cam_ife_csid17x.o
  AR      drivers/net/ethernet/3com/built-in.o
  AR      drivers/net/ethernet/8390/built-in.o
  AR      drivers/net/ethernet/adaptec/built-in.o
  AR      drivers/net/ethernet/agere/built-in.o
  AR      drivers/net/ethernet/alacritech/built-in.o
  AR      drivers/net/ethernet/alteon/built-in.o
  AR      drivers/net/ethernet/amazon/built-in.o
  AR      drivers/net/ethernet/amd/built-in.o
  AR      drivers/net/ethernet/aquantia/built-in.o
  AR      drivers/net/ethernet/arc/built-in.o
  AR      drivers/net/ethernet/atheros/built-in.o
  AR      drivers/net/ethernet/broadcom/built-in.o
  AR      drivers/net/ethernet/brocade/built-in.o
  AR      drivers/net/ethernet/cadence/built-in.o
  AR      drivers/net/ethernet/cavium/liquidio/built-in.o
  AR      drivers/net/ethernet/cavium/octeon/built-in.o
  AR      drivers/net/ethernet/cavium/thunder/built-in.o
  AR      drivers/net/ethernet/cavium/built-in.o
  AR      drivers/net/ethernet/chelsio/built-in.o
  AR      drivers/net/ethernet/cisco/built-in.o
  AR      drivers/net/ethernet/dec/built-in.o
  AR      drivers/net/ethernet/dlink/built-in.o
  AR      drivers/net/ethernet/emulex/built-in.o
  CC      drivers/media/platform/msm/camera/cam_isp/isp_hw_mgr/isp_hw/ife_csid_hw/cam_ife_csid_lite17x.o
  AR      drivers/net/ethernet/ezchip/built-in.o
  AR      drivers/net/ethernet/hisilicon/built-in.o
  AR      drivers/net/ethernet/hp/built-in.o
  AR      drivers/net/ethernet/huawei/built-in.o
  AR      drivers/net/ethernet/i825xx/built-in.o
  AR      drivers/net/ethernet/intel/built-in.o
  CC      drivers/net/ethernet/marvell/sky2.o
  AR      drivers/mmc/core/mmc_core.o
  AR      drivers/mmc/core/mmc_block.o
  AR      drivers/mmc/core/built-in.o
  CC      drivers/gpu/drm/msm/sde/sde_encoder_phys_vid.o
  CC      drivers/mmc/host/sdhci.o
  AR      drivers/media/platform/msm/camera/cam_isp/isp_hw_mgr/isp_hw/ife_csid_hw/built-in.o
  CC      drivers/media/platform/msm/camera/cam_isp/isp_hw_mgr/isp_hw/vfe_hw/cam_vfe_soc.o
../drivers/media/platform/msm/camera/cam_isp/isp_hw_mgr/isp_hw/vfe_hw/cam_vfe_soc.c:201:3: warning: misleading indentation; statement is not part of the previous 'if' [-Wmisleading-indentation]
                if (rc)
                ^
../drivers/media/platform/msm/camera/cam_isp/isp_hw_mgr/isp_hw/vfe_hw/cam_vfe_soc.c:199:2: note: previous statement is here
        if (!rc && soc_private->cpas_version == CAM_CPAS_TITAN_175_V120)
        ^
../drivers/media/platform/msm/camera/cam_isp/isp_hw_mgr/isp_hw/vfe_hw/cam_vfe_soc.c:251:3: warning: misleading indentation; statement is not part of the previous 'if' [-Wmisleading-indentation]
                if (rc) {
                ^
../drivers/media/platform/msm/camera/cam_isp/isp_hw_mgr/isp_hw/vfe_hw/cam_vfe_soc.c:248:2: note: previous statement is here
        if (!rc && soc_private->cpas_version == CAM_CPAS_TITAN_175_V120)
        ^
../drivers/media/platform/msm/camera/cam_isp/isp_hw_mgr/isp_hw/vfe_hw/cam_vfe_soc.c:349:3: warning: misleading indentation; statement is not part of the previous 'if' [-Wmisleading-indentation]
                if (rc) {
                ^
../drivers/media/platform/msm/camera/cam_isp/isp_hw_mgr/isp_hw/vfe_hw/cam_vfe_soc.c:347:2: note: previous statement is here
        if (!rc && soc_private->cpas_version == CAM_CPAS_TITAN_175_V120)
        ^
3 warnings generated.
  CC      drivers/media/platform/msm/camera/cam_isp/isp_hw_mgr/isp_hw/vfe_hw/cam_vfe_dev.o
  CC      drivers/gpu/drm/msm/sde/sde_encoder_phys_cmd.o
  CC      drivers/media/platform/msm/camera/cam_isp/isp_hw_mgr/isp_hw/vfe_hw/cam_vfe_core.o
  CC      drivers/media/platform/msm/camera/cam_isp/isp_hw_mgr/isp_hw/vfe_hw/vfe17x/cam_vfe17x.o
  CC      drivers/gpu/drm/msm/sde/sde_irq.o
  AR      drivers/net/ethernet/marvell/built-in.o
  AR      drivers/net/ethernet/mellanox/built-in.o
  AR      drivers/media/platform/msm/camera/cam_isp/isp_hw_mgr/isp_hw/vfe_hw/vfe17x/built-in.o
  AR      drivers/net/ethernet/micrel/built-in.o
  CC      drivers/media/platform/msm/camera/cam_isp/isp_hw_mgr/isp_hw/vfe_hw/vfe_bus/cam_vfe_bus.o
  AR      drivers/net/ethernet/microchip/built-in.o
  AR      drivers/net/ethernet/myricom/built-in.o
  AR      drivers/net/ethernet/natsemi/built-in.o
  CC      drivers/mmc/host/sdhci-pltfm.o
  AR      drivers/net/ethernet/neterion/built-in.o
  AR      drivers/net/ethernet/netronome/built-in.o
  AR      drivers/net/ethernet/nvidia/built-in.o
  AR      drivers/net/ethernet/oki-semi/built-in.o
  AR      drivers/net/ethernet/packetengines/built-in.o
  AR      drivers/net/ethernet/qlogic/built-in.o
  AR      drivers/net/ethernet/qualcomm/emac/built-in.o
  CC      drivers/net/ethernet/qualcomm/rmnet/rmnet_config.o
  CC      drivers/gpu/drm/msm/sde/sde_core_irq.o
  CC      drivers/media/platform/msm/camera/cam_isp/isp_hw_mgr/isp_hw/vfe_hw/vfe_bus/cam_vfe_bus_ver2.o
  CC      drivers/mmc/host/sdhci-msm.o
  CC      drivers/gpu/drm/msm/sde/sde_core_perf.o
  CC      drivers/net/ethernet/qualcomm/rmnet/rmnet_vnd.o
  CC      drivers/media/platform/msm/camera/cam_isp/isp_hw_mgr/isp_hw/vfe_hw/vfe_bus/cam_vfe_bus_rd_ver1.o
  CC      drivers/gpu/drm/msm/sde/sde_rm.o
  CC      drivers/net/ethernet/qualcomm/rmnet/rmnet_handlers.o
  AR      drivers/media/platform/msm/camera/cam_isp/isp_hw_mgr/isp_hw/vfe_hw/vfe_bus/built-in.o
  CC      drivers/media/platform/msm/camera/cam_isp/isp_hw_mgr/isp_hw/vfe_hw/vfe_top/cam_vfe_camif_lite_ver2.o
  CC      drivers/media/platform/msm/camera/cam_isp/isp_hw_mgr/isp_hw/vfe_hw/vfe_top/cam_vfe_top.o
  CC      drivers/mmc/host/sdhci-msm-ice.o
  CC      drivers/media/platform/msm/camera/cam_isp/isp_hw_mgr/isp_hw/vfe_hw/vfe_top/cam_vfe_top_ver2.o
  CC      drivers/gpu/drm/msm/sde/sde_kms_utils.o
  CC      drivers/mmc/host/cmdq_hci.o
  CC      drivers/net/ethernet/qualcomm/rmnet/rmnet_map_data.o
  CC      drivers/gpu/drm/msm/sde/sde_kms.o
  CC      drivers/media/platform/msm/camera/cam_isp/isp_hw_mgr/isp_hw/vfe_hw/vfe_top/cam_vfe_camif_ver2.o
  CC      drivers/media/platform/msm/camera/cam_isp/isp_hw_mgr/isp_hw/vfe_hw/vfe_top/cam_vfe_rdi.o
  AR      drivers/mmc/host/built-in.o
  AR      drivers/mmc/built-in.o
  CC      drivers/media/platform/msm/camera/cam_isp/isp_hw_mgr/isp_hw/vfe_hw/vfe_top/cam_vfe_fe_ver1.o
  CC      drivers/media/rc/keymaps/rc-adstech-dvb-t-pci.o
  CC      drivers/net/ethernet/qualcomm/rmnet/rmnet_map_command.o
  CC      drivers/media/rc/keymaps/rc-alink-dtu-m.o
../drivers/media/platform/msm/camera/cam_isp/isp_hw_mgr/isp_hw/vfe_hw/vfe_top/cam_vfe_fe_ver1.c:399:20: warning: cast to smaller integer type 'uint32_t' (aka 'unsigned int') from 'uint32_t *' (aka 'unsigned int *') [-Wpointer-to-int-cast]
        cam_cpas_reg_read((uint32_t)soc_private->cpas_handle,
                          ^~~~~~~~~~~~~~~~~~~~~~~~~~~~~~~~~~
../drivers/media/platform/msm/camera/cam_isp/isp_hw_mgr/isp_hw/vfe_hw/vfe_top/cam_vfe_fe_ver1.c:403:20: warning: cast to smaller integer type 'uint32_t' (aka 'unsigned int') from 'uint32_t *' (aka 'unsigned int *') [-Wpointer-to-int-cast]
        cam_cpas_reg_read((uint32_t)soc_private->cpas_handle,
                          ^~~~~~~~~~~~~~~~~~~~~~~~~~~~~~~~~~
2 warnings generated.
  AR      drivers/media/platform/msm/camera/cam_isp/isp_hw_mgr/isp_hw/vfe_hw/vfe_top/built-in.o
  AR      drivers/media/platform/msm/camera/cam_isp/isp_hw_mgr/isp_hw/vfe_hw/built-in.o
  AR      drivers/media/platform/msm/camera/cam_isp/isp_hw_mgr/isp_hw/built-in.o
  CC      drivers/media/platform/msm/camera/cam_isp/isp_hw_mgr/cam_isp_hw_mgr.o
  CC      drivers/media/rc/keymaps/rc-anysee.o
  CC      drivers/gpu/drm/msm/sde/sde_plane.o
  CC      drivers/media/rc/keymaps/rc-apac-viewcomp.o
  CC      drivers/media/platform/msm/camera/cam_isp/isp_hw_mgr/cam_ife_hw_mgr.o
  CC      drivers/media/rc/keymaps/rc-asus-pc39.o
  CC      drivers/net/ethernet/qualcomm/rmnet/rmnet_descriptor.o
  CC      drivers/media/rc/keymaps/rc-asus-ps3-100.o
  CC      drivers/media/rc/keymaps/rc-ati-tv-wonder-hd-600.o
  CC      drivers/media/rc/keymaps/rc-ati-x10.o
  CC      drivers/media/rc/keymaps/rc-avermedia-a16d.o
  CC      drivers/gpu/drm/msm/sde/sde_connector.o
  CC      drivers/media/rc/keymaps/rc-avermedia.o
  AR      drivers/net/ethernet/qualcomm/rmnet/rmnet.o
  AR      drivers/net/ethernet/qualcomm/rmnet/built-in.o
  AR      drivers/net/ethernet/qualcomm/built-in.o
  AR      drivers/net/ethernet/rdc/built-in.o
  AR      drivers/net/ethernet/realtek/built-in.o
  AR      drivers/net/ethernet/renesas/built-in.o
  AR      drivers/net/ethernet/rocker/built-in.o
  AR      drivers/net/ethernet/samsung/built-in.o
  AR      drivers/net/ethernet/seeq/built-in.o
  AR      drivers/net/ethernet/silan/built-in.o
  AR      drivers/net/ethernet/sis/built-in.o
  CC      drivers/net/ethernet/smsc/smsc911x.o
  AR      drivers/media/platform/msm/camera/cam_isp/isp_hw_mgr/built-in.o
  CC      drivers/media/platform/msm/camera/cam_isp/cam_isp_dev.o
  CC      drivers/media/rc/keymaps/rc-avermedia-cardbus.o
  CC      drivers/media/rc/keymaps/rc-avermedia-dvbt.o
  CC      drivers/media/platform/msm/camera/cam_isp/cam_isp_context.o
  CC      drivers/media/rc/keymaps/rc-avermedia-m135a.o
  CC      drivers/media/rc/keymaps/rc-avermedia-m733a-rm-k6.o
  CC      drivers/gpu/drm/msm/sde/sde_color_processing.o
  CC      drivers/media/rc/keymaps/rc-avermedia-rm-ks.o
  AR      drivers/net/ethernet/smsc/built-in.o
  AR      drivers/net/ethernet/stmicro/built-in.o
  AR      drivers/net/ethernet/sun/built-in.o
  AR      drivers/net/ethernet/synopsys/built-in.o
  AR      drivers/net/ethernet/tehuti/built-in.o
  AR      drivers/net/ethernet/ti/built-in.o
  AR      drivers/net/ethernet/via/built-in.o
  AR      drivers/net/ethernet/wiznet/built-in.o
  AR      drivers/net/ethernet/built-in.o
  CC      drivers/media/rc/keymaps/rc-avertv-303.o
  CC      drivers/net/phy/mdio-boardinfo.o
  CC      drivers/media/rc/keymaps/rc-azurewave-ad-tu700.o
  AR      drivers/media/platform/msm/camera/cam_isp/built-in.o
  CC      drivers/media/platform/msm/camera/cam_jpeg/jpeg_hw/jpeg_dma_hw/jpeg_dma_dev.o
  CC      drivers/media/rc/keymaps/rc-behold.o
  CC      drivers/gpu/drm/msm/sde/sde_vbif.o
  CC      drivers/net/phy/phy.o
  CC      drivers/media/rc/keymaps/rc-behold-columbus.o
  CC      drivers/media/rc/keymaps/rc-budget-ci-old.o
  CC      drivers/media/platform/msm/camera/cam_jpeg/jpeg_hw/jpeg_dma_hw/jpeg_dma_core.o
  CC      drivers/gpu/drm/msm/sde_io_util.o
  CC      drivers/media/rc/keymaps/rc-cec.o
  CC      drivers/media/platform/msm/camera/cam_jpeg/jpeg_hw/jpeg_dma_hw/jpeg_dma_soc.o
  CC      drivers/media/rc/keymaps/rc-cinergy-1400.o
  CC      drivers/net/phy/phy-c45.o
  CC      drivers/media/rc/keymaps/rc-cinergy.o
  AR      drivers/media/platform/msm/camera/cam_jpeg/jpeg_hw/jpeg_dma_hw/built-in.o
  CC      drivers/media/platform/msm/camera/cam_jpeg/jpeg_hw/jpeg_enc_hw/jpeg_enc_dev.o
  CC      drivers/gpu/drm/msm/sde/sde_hw_reg_dma_v1_color_proc.o
  CC      drivers/media/rc/keymaps/rc-d680-dmb.o
  CC      drivers/media/rc/keymaps/rc-delock-61959.o
  CC      drivers/media/platform/msm/camera/cam_jpeg/jpeg_hw/jpeg_enc_hw/jpeg_enc_core.o
  CC      drivers/net/phy/phy-core.o
  CC      drivers/media/rc/keymaps/rc-dib0700-nec.o
  CC      drivers/media/platform/msm/camera/cam_jpeg/jpeg_hw/jpeg_enc_hw/jpeg_enc_soc.o
  CC      drivers/media/rc/keymaps/rc-dib0700-rc5.o
  CC      drivers/gpu/drm/msm/sde/sde_hw_color_proc_v4.o
  CC      drivers/net/phy/phy_device.o
  CC      drivers/media/rc/keymaps/rc-digitalnow-tinytwin.o
  AR      drivers/media/platform/msm/camera/cam_jpeg/jpeg_hw/jpeg_enc_hw/built-in.o
  CC      drivers/media/platform/msm/camera/cam_jpeg/jpeg_hw/cam_jpeg_hw_mgr.o
  CC      drivers/media/rc/keymaps/rc-digittrade.o
  CC      drivers/gpu/drm/msm/sde/sde_hw_ad4.o
  CC      drivers/media/rc/keymaps/rc-dm1105-nec.o
  CC      drivers/media/rc/keymaps/rc-dntv-live-dvb-t.o
  AR      drivers/media/platform/msm/camera/cam_jpeg/jpeg_hw/built-in.o
  CC      drivers/media/platform/msm/camera/cam_jpeg/cam_jpeg_dev.o
  CC      drivers/media/rc/keymaps/rc-dntv-live-dvbt-pro.o
  CC      drivers/gpu/drm/msm/sde_edid_parser.o
  CC      drivers/net/phy/mdio_bus.o
  CC      drivers/media/rc/keymaps/rc-dtt200u.o
  CC      drivers/media/platform/msm/camera/cam_jpeg/cam_jpeg_context.o
  CC      drivers/media/rc/keymaps/rc-dvbsky.o
  AR      drivers/media/platform/msm/camera/cam_jpeg/built-in.o
  CC      drivers/gpu/drm/msm/sde_hdcp_1x.o
  CC      drivers/media/platform/msm/camera/cam_lrme/lrme_hw_mgr/lrme_hw/cam_lrme_hw_dev.o
  CC      drivers/media/rc/keymaps/rc-dvico-mce.o
  CC      drivers/media/rc/keymaps/rc-dvico-portable.o
  CC      drivers/net/phy/mdio_device.o
  CC      drivers/media/platform/msm/camera/cam_lrme/lrme_hw_mgr/lrme_hw/cam_lrme_hw_core.o
  CC      drivers/media/rc/keymaps/rc-em-terratec.o
  CC      drivers/gpu/drm/msm/sde_hdcp_2x.o
  CC      drivers/media/rc/keymaps/rc-encore-enltv2.o
  CC      drivers/net/phy/swphy.o
  CC      drivers/media/platform/msm/camera/cam_lrme/lrme_hw_mgr/lrme_hw/cam_lrme_hw_soc.o
  CC      drivers/media/rc/keymaps/rc-encore-enltv.o
  CC      drivers/media/rc/keymaps/rc-encore-enltv-fm53.o
  CC      drivers/gpu/drm/msm/sde_rsc.o
  AR      drivers/media/platform/msm/camera/cam_lrme/lrme_hw_mgr/lrme_hw/built-in.o
  CC      drivers/media/platform/msm/camera/cam_lrme/lrme_hw_mgr/cam_lrme_hw_mgr.o
  CC      drivers/media/rc/keymaps/rc-evga-indtube.o
  CC      drivers/net/phy/at803x.o
  CC      drivers/media/rc/keymaps/rc-eztv.o
  CC      drivers/media/rc/keymaps/rc-flydvb.o
  AR      drivers/media/platform/msm/camera/cam_lrme/lrme_hw_mgr/built-in.o
  CC      drivers/media/platform/msm/camera/cam_lrme/cam_lrme_dev.o
  CC      drivers/net/phy/fixed_phy.o
  CC      drivers/media/rc/keymaps/rc-flyvideo.o
  CC      drivers/gpu/drm/msm/sde_rsc_hw.o
  CC      drivers/media/rc/keymaps/rc-fusionhdtv-mce.o
  CC      drivers/media/platform/msm/camera/cam_lrme/cam_lrme_context.o
  CC      drivers/media/rc/keymaps/rc-gadmei-rm008z.o
  AR      drivers/media/platform/msm/camera/cam_lrme/built-in.o
  CC      drivers/media/platform/msm/camera/cam_req_mgr/cam_req_mgr_core.o
  CC      drivers/gpu/drm/msm/sde_rsc_hw_v3.o
  CC      drivers/net/phy/micrel.o
  CC      drivers/media/rc/keymaps/rc-geekbox.o
  CC      drivers/gpu/drm/msm/sde/sde_fence.o
  CC      drivers/media/rc/keymaps/rc-genius-tvgo-a11mce.o
  CC      drivers/media/rc/keymaps/rc-gotview7135.o
  AR      drivers/net/phy/libphy.o
  AR      drivers/net/phy/built-in.o
  CC      drivers/net/ppp/ppp_generic.o
  CC      drivers/media/rc/keymaps/rc-imon-mce.o
  CC      drivers/media/platform/msm/camera/cam_req_mgr/cam_req_mgr_dev.o
  CC      drivers/gpu/drm/msm/dsi-staging/dsi_phy.o
  CC      drivers/media/rc/keymaps/rc-imon-pad.o
  CC      drivers/media/rc/keymaps/rc-iodata-bctv7e.o
  CC      drivers/gpu/drm/msm/dsi-staging/dsi_pwr.o
  CC      drivers/media/rc/keymaps/rc-it913x-v1.o
  CC      drivers/media/platform/msm/camera/cam_req_mgr/cam_req_mgr_util.o
  CC      drivers/media/rc/keymaps/rc-it913x-v2.o
  CC      drivers/gpu/drm/msm/dsi-staging/dsi_phy_hw_v2_0.o
  CC      drivers/media/platform/msm/camera/cam_req_mgr/cam_req_mgr_workq.o
  CC      drivers/media/rc/keymaps/rc-kaiomy.o
  CC      drivers/media/rc/keymaps/rc-kworld-315u.o
  CC      drivers/net/ppp/ppp_async.o
  CC      drivers/media/platform/msm/camera/cam_req_mgr/cam_mem_mgr.o
  CC      drivers/gpu/drm/msm/dsi-staging/dsi_phy_hw_v3_0.o
  CC      drivers/media/rc/keymaps/rc-kworld-pc150u.o
  CC      drivers/media/rc/keymaps/rc-kworld-plus-tv-analog.o
  CC      drivers/media/rc/keymaps/rc-leadtek-y04g0051.o
  CC      drivers/net/ppp/bsd_comp.o
  CC      drivers/gpu/drm/msm/dsi-staging/dsi_phy_hw_v4_0.o
  CC      drivers/media/platform/msm/camera/cam_req_mgr/cam_req_mgr_timer.o
  CC      drivers/media/platform/msm/camera/cam_req_mgr/cam_req_mgr_debug.o
  CC      drivers/media/rc/keymaps/rc-lme2510.o
  CC      drivers/net/ppp/ppp_deflate.o
  CC      drivers/media/rc/keymaps/rc-manli.o
  AR      drivers/media/platform/msm/camera/cam_req_mgr/built-in.o
  CC      drivers/gpu/drm/msm/dsi-staging/dsi_phy_timing_calc.o
  CC      drivers/media/platform/msm/camera/cam_sensor_module/cam_actuator/cam_actuator_dev.o
  CC      drivers/net/ppp/ppp_mppe.o
  CC      drivers/media/rc/keymaps/rc-medion-x10.o
  CC      drivers/media/rc/keymaps/rc-medion-x10-digitainer.o
  CC      drivers/net/ppp/ppp_synctty.o
  CC      drivers/gpu/drm/msm/dsi-staging/dsi_phy_timing_v2_0.o
  CC      drivers/media/platform/msm/camera/cam_sensor_module/cam_actuator/cam_actuator_core.o
  CC      drivers/media/rc/keymaps/rc-medion-x10-or2x.o
  CC      drivers/media/rc/keymaps/rc-msi-digivox-ii.o
  CC      drivers/gpu/drm/msm/dsi-staging/dsi_phy_timing_v3_0.o
  CC      drivers/net/ppp/pppox.o
  CC      drivers/media/rc/keymaps/rc-msi-digivox-iii.o
  CC      drivers/media/platform/msm/camera/cam_sensor_module/cam_actuator/cam_actuator_soc.o
  CC      drivers/gpu/drm/msm/dsi-staging/dsi_phy_timing_v4_0.o
  CC      drivers/media/rc/keymaps/rc-msi-tvanywhere.o
  AR      drivers/media/platform/msm/camera/cam_sensor_module/cam_actuator/built-in.o
  CC      drivers/media/rc/keymaps/rc-msi-tvanywhere-plus.o
  CC      drivers/media/platform/msm/camera/cam_sensor_module/cam_cci/cam_cci_dev.o
  CC      drivers/gpu/drm/msm/dsi-staging/dsi_ctrl_hw_cmn.o
  CC      drivers/media/rc/keymaps/rc-nebula.o
  CC      drivers/net/ppp/pppoe.o
  CC      drivers/media/rc/keymaps/rc-nec-terratec-cinergy-xs.o
  CC      drivers/media/platform/msm/camera/cam_sensor_module/cam_cci/cam_cci_core.o
  CC      drivers/media/rc/keymaps/rc-norwood.o
  CC      drivers/gpu/drm/msm/dsi-staging/dsi_ctrl_hw_1_4.o
  CC      drivers/media/rc/keymaps/rc-npgtech.o
  CC      drivers/net/ppp/pptp.o
  CC      drivers/media/rc/keymaps/rc-pctv-sedna.o
  CC      drivers/media/platform/msm/camera/cam_sensor_module/cam_cci/cam_cci_soc.o
  CC      drivers/gpu/drm/msm/dsi-staging/dsi_ctrl_hw_2_0.o
  CC      drivers/media/rc/keymaps/rc-pinnacle-color.o
  CC      drivers/media/rc/keymaps/rc-pinnacle-grey.o
  AR      drivers/media/platform/msm/camera/cam_sensor_module/cam_cci/built-in.o
  CC      drivers/gpu/drm/msm/dsi-staging/dsi_ctrl_hw_2_2.o
  CC      drivers/media/platform/msm/camera/cam_sensor_module/cam_csiphy/cam_csiphy_soc.o
  CC      drivers/net/ppp/pppolac.o
  CC      drivers/media/rc/keymaps/rc-pinnacle-pctv-hd.o
  CC      drivers/media/rc/keymaps/rc-pixelview.o
  CC      drivers/gpu/drm/msm/dsi-staging/dsi_ctrl.o
  CC      drivers/media/platform/msm/camera/cam_sensor_module/cam_csiphy/cam_csiphy_dev.o
  CC      drivers/media/rc/keymaps/rc-pixelview-mk12.o
  CC      drivers/net/ppp/pppopns.o
  CC      drivers/media/rc/keymaps/rc-pixelview-002t.o
  CC      drivers/media/platform/msm/camera/cam_sensor_module/cam_csiphy/cam_csiphy_core.o
  CC      drivers/media/rc/keymaps/rc-pixelview-new.o
  CC      drivers/media/rc/keymaps/rc-powercolor-real-angel.o
  AR      drivers/net/ppp/built-in.o
  CC      drivers/net/slip/slhc.o
  CC      drivers/gpu/drm/msm/dsi-staging/dsi_catalog.o
  AR      drivers/media/platform/msm/camera/cam_sensor_module/cam_csiphy/built-in.o
  CC      drivers/media/platform/msm/camera/cam_sensor_module/cam_eeprom/cam_eeprom_dev.o
  CC      drivers/media/rc/keymaps/rc-proteus-2309.o
  CC      drivers/media/rc/keymaps/rc-purpletv.o
  CC      drivers/gpu/drm/msm/dsi-staging/dsi_drm.o
  CC      drivers/media/rc/keymaps/rc-pv951.o
  CC      drivers/media/platform/msm/camera/cam_sensor_module/cam_eeprom/cam_eeprom_core.o
  CC      drivers/media/rc/keymaps/rc-hauppauge.o
  AR      drivers/net/slip/built-in.o
  CC      drivers/net/usb/r8152.o
  CC      drivers/media/rc/keymaps/rc-rc6-mce.o
  CC      drivers/gpu/drm/msm/dsi-staging/dsi_display.o
  CC      drivers/media/platform/msm/camera/cam_sensor_module/cam_eeprom/cam_eeprom_soc.o
  CC      drivers/media/rc/keymaps/rc-real-audio-220-32-keys.o
  CC      drivers/media/rc/keymaps/rc-reddo.o
  AR      drivers/media/platform/msm/camera/cam_sensor_module/cam_eeprom/built-in.o
  CC      drivers/media/platform/msm/camera/cam_sensor_module/cam_flash/cam_flash_dev.o
  CC      drivers/media/rc/keymaps/rc-snapstream-firefly.o
  CC      drivers/media/rc/keymaps/rc-streamzap.o
  CC      drivers/media/platform/msm/camera/cam_sensor_module/cam_flash/cam_flash_core.o
  CC      drivers/media/rc/keymaps/rc-tbs-nec.o
  CC      drivers/media/rc/keymaps/rc-technisat-ts35.o
  CC      drivers/media/rc/keymaps/rc-technisat-usb2.o
  CC      drivers/media/platform/msm/camera/cam_sensor_module/cam_flash/cam_flash_soc.o
  CC      drivers/media/rc/keymaps/rc-terratec-cinergy-c-pci.o
  CC      drivers/gpu/drm/msm/dsi-staging/dsi_panel.o
  CC      drivers/media/rc/keymaps/rc-terratec-cinergy-s2-hd.o
  AR      drivers/media/platform/msm/camera/cam_sensor_module/cam_flash/built-in.o
  CC      drivers/media/rc/keymaps/rc-terratec-cinergy-xs.o
  CC      drivers/media/platform/msm/camera/cam_sensor_module/cam_ir_led/cam_ir_led_dev.o
  CC      drivers/media/rc/keymaps/rc-terratec-slim.o
  CC      drivers/net/usb/asix_devices.o
  CC      drivers/media/rc/keymaps/rc-terratec-slim-2.o
  CC      drivers/media/platform/msm/camera/cam_sensor_module/cam_ir_led/cam_ir_led_soc.o
  CC      drivers/media/rc/keymaps/rc-tevii-nec.o
  CC      drivers/net/usb/asix_common.o
  CC      drivers/media/platform/msm/camera/cam_sensor_module/cam_ir_led/cam_ir_led_core.o
  CC      drivers/media/rc/keymaps/rc-tivo.o
  CC      drivers/gpu/drm/msm/dsi-staging/dsi_clk_manager.o
  CC      drivers/media/rc/keymaps/rc-total-media-in-hand.o
  AR      drivers/media/platform/msm/camera/cam_sensor_module/cam_ir_led/built-in.o
  CC      drivers/media/platform/msm/camera/cam_sensor_module/cam_ois/cam_ois_dev.o
  CC      drivers/media/rc/keymaps/rc-total-media-in-hand-02.o
  CC      drivers/gpu/drm/msm/dsi-staging/dsi_display_test.o
  CC      drivers/net/usb/ax88172a.o
  CC      drivers/media/rc/keymaps/rc-trekstor.o
  CC      drivers/media/platform/msm/camera/cam_sensor_module/cam_ois/cam_ois_core.o
  CC      drivers/gpu/drm/msm/sde/sde_hw_catalog.o
  CC      drivers/media/rc/keymaps/rc-tt-1500.o
  CC      drivers/net/usb/ax88179_178a.o
  CC      drivers/media/rc/keymaps/rc-twinhan-dtv-cab-ci.o
  CC      drivers/media/rc/keymaps/rc-twinhan1027.o
  CC      drivers/media/platform/msm/camera/cam_sensor_module/cam_ois/cam_ois_soc.o
  CC      drivers/media/rc/keymaps/rc-videomate-m1f.o
  CC      drivers/net/usb/cdc_ether.o
  CC      drivers/media/rc/keymaps/rc-videomate-s350.o
  AR      drivers/media/platform/msm/camera/cam_sensor_module/cam_ois/built-in.o
  CC      drivers/media/platform/msm/camera/cam_sensor_module/cam_res_mgr/cam_res_mgr.o
  CC      drivers/media/rc/keymaps/rc-videomate-tv-pvr.o
  CC      drivers/gpu/drm/msm/sde/sde_hw_cdm.o
  CC      drivers/media/rc/keymaps/rc-winfast.o
  CC      drivers/media/rc/keymaps/rc-winfast-usbii-deluxe.o
  AR      drivers/media/platform/msm/camera/cam_sensor_module/cam_res_mgr/built-in.o
  CC      drivers/gpu/drm/msm/sde/sde_hw_dspp.o
  CC      drivers/media/platform/msm/camera/cam_sensor_module/cam_sensor/cam_sensor_dev.o
  CC      drivers/net/usb/net1080.o
  CC      drivers/media/rc/keymaps/rc-su3000.o
  CC      drivers/media/rc/keymaps/rc-zx-irdec.o
  CC      drivers/gpu/drm/msm/sde/sde_hw_intf.o
  CC      drivers/media/platform/msm/camera/cam_sensor_module/cam_sensor/cam_sensor_core.o
  CC      drivers/net/usb/cdc_subset.o
  AR      drivers/media/rc/keymaps/built-in.o
  CC      drivers/media/rc/rc-main.o
  CC      drivers/gpu/drm/msm/sde/sde_hw_lm.o
  CC      drivers/net/usb/zaurus.o
  CC      drivers/media/platform/msm/camera/cam_sensor_module/cam_sensor/cam_sensor_soc.o
  CC      drivers/gpu/drm/msm/sde/sde_hw_ctl.o
  CC      drivers/net/usb/usbnet.o
  CC      drivers/media/rc/rc-ir-raw.o
  AR      drivers/media/platform/msm/camera/cam_sensor_module/cam_sensor/built-in.o
  CC      drivers/media/platform/msm/camera/cam_sensor_module/cam_sensor_io/cam_sensor_io.o
  CC      drivers/media/platform/msm/camera/cam_sensor_module/cam_sensor_io/cam_sensor_cci_i2c.o
  CC      drivers/gpu/drm/msm/sde/sde_hw_util.o
  CC      drivers/media/rc/ir-nec-decoder.o
  CC      drivers/media/platform/msm/camera/cam_sensor_module/cam_sensor_io/cam_sensor_qup_i2c.o
  CC      drivers/media/rc/ir-rc5-decoder.o
  CC      drivers/net/usb/cdc_ncm.o
  CC      drivers/gpu/drm/msm/sde/sde_hw_sspp.o
  CC      drivers/media/rc/ir-rc6-decoder.o
  CC      drivers/media/platform/msm/camera/cam_sensor_module/cam_sensor_io/cam_sensor_spi.o
  CC      drivers/gpu/drm/msm/sde/sde_hw_wb.o
  CC      drivers/media/rc/ir-jvc-decoder.o
  CC      drivers/media/rc/ir-sony-decoder.o
  AR      drivers/media/platform/msm/camera/cam_sensor_module/cam_sensor_io/built-in.o
  CC      drivers/media/platform/msm/camera/cam_sensor_module/cam_sensor_utils/cam_sensor_util.o
  AR      drivers/net/usb/asix.o
  AR      drivers/net/usb/built-in.o
  AR      drivers/net/wireless/admtek/built-in.o
  AR      drivers/net/wireless/ath/built-in.o
  AR      drivers/net/wireless/atmel/built-in.o
  CC      drivers/gpu/drm/msm/sde/sde_hw_rot.o
  AR      drivers/net/wireless/broadcom/built-in.o
  AR      drivers/net/wireless/cisco/built-in.o
  CC      drivers/net/wireless/cnss_genl/cnss_nl.o
  CC      drivers/media/rc/ir-sanyo-decoder.o
  CC      drivers/gpu/drm/msm/sde/sde_hw_pingpong.o
  CC      drivers/media/rc/ir-sharp-decoder.o
  AR      drivers/media/platform/msm/camera/cam_sensor_module/cam_sensor_utils/built-in.o
  AR      drivers/net/wireless/cnss_genl/built-in.o
  AR      drivers/media/platform/msm/camera/cam_sensor_module/built-in.o
  CC      drivers/net/wireless/cnss_prealloc/cnss_prealloc.o
  CC      drivers/media/platform/msm/camera/cam_smmu/cam_smmu_api.o
  CC      drivers/media/rc/ir-mce_kbd-decoder.o
  CC      drivers/gpu/drm/msm/sde/sde_hw_top.o
  AR      drivers/net/wireless/cnss_prealloc/built-in.o
  CC      drivers/net/wireless/cnss_utils/cnss_utils.o
  CC      drivers/media/rc/ir-xmp-decoder.o
  CC      drivers/gpu/drm/msm/sde/sde_hw_interrupts.o
  AR      drivers/media/rc/rc-core.o
  AR      drivers/media/rc/built-in.o
  CC      drivers/media/platform/msm/camera/cam_sync/cam_sync.o
  AR      drivers/media/platform/msm/camera/cam_smmu/built-in.o
  CC      drivers/media/platform/msm/vidc/msm_v4l2_vidc.o
  AR      drivers/net/wireless/cnss_utils/built-in.o
  AR      drivers/net/wireless/intel/built-in.o
  AR      drivers/net/wireless/intersil/built-in.o
  AR      drivers/net/wireless/marvell/built-in.o
  AR      drivers/net/wireless/mediatek/built-in.o
  AR      drivers/net/wireless/quantenna/built-in.o
  AR      drivers/net/wireless/ralink/built-in.o
  AR      drivers/net/wireless/realtek/built-in.o
  AR      drivers/net/wireless/rsi/built-in.o
  AR      drivers/net/wireless/st/built-in.o
  CC      drivers/gpu/drm/msm/sde/sde_hw_vbif.o
  AR      drivers/net/wireless/ti/built-in.o
  AR      drivers/net/wireless/zydas/built-in.o
  AR      drivers/net/wireless/built-in.o
  CC      drivers/net/dummy.o
  CC      drivers/media/platform/msm/camera/cam_sync/cam_sync_util.o
  CC      drivers/gpu/drm/msm/sde/sde_hw_blk.o
  CC      drivers/media/platform/msm/vidc/msm_v4l2_private.o
  CC      drivers/net/mii.o
  AR      drivers/media/platform/msm/camera/cam_sync/built-in.o
  CC      drivers/media/platform/msm/camera/cam_utils/cam_soc_util.o
  CC      drivers/gpu/drm/msm/sde/sde_formats.o
  CC      drivers/media/platform/msm/vidc/msm_vidc_platform.o
  CC      drivers/net/Space.o
  CC      drivers/media/platform/msm/camera/cam_utils/cam_io_util.o
  CC      drivers/gpu/drm/msm/sde_power_handle.o
  CC      drivers/media/platform/msm/vidc/msm_vidc_common.o
  CC      drivers/media/platform/msm/camera/cam_utils/cam_packet_util.o
  CC      drivers/net/loopback.o
../drivers/media/platform/msm/camera/cam_utils/cam_packet_util.c:455:3: warning: misleading indentation; statement is not part of the previous 'if' [-Wmisleading-indentation]
                break;
                ^
../drivers/media/platform/msm/camera/cam_utils/cam_packet_util.c:453:2: note: previous statement is here
        if (plane_index < CAM_PACKET_MAX_PLANES)
        ^
1 warning generated.
  CC      drivers/media/platform/msm/camera/cam_utils/cam_debug_util.o
  CC      drivers/gpu/drm/msm/sde/sde_hw_color_processing_v1_7.o
  CC      drivers/media/platform/msm/camera/cam_utils/cam_trace.o
  CC      drivers/net/tun.o
  CC      drivers/gpu/drm/msm/sde/sde_reg_dma.o
  CC      drivers/media/platform/msm/camera/cam_utils/cam_common_util.o
  CC      drivers/media/platform/msm/camera/cam_utils/cam_cx_ipeak.o
  CC      drivers/gpu/drm/msm/sde/sde_hw_reg_dma_v1.o
  AR      drivers/media/platform/msm/camera/cam_utils/built-in.o
  AR      drivers/media/platform/msm/camera/built-in.o
  AR      drivers/gpu/drm/panel/built-in.o
  CC      drivers/nfc/nq-nci.o
  CC      drivers/media/platform/msm/vidc/msm_vidc.o
  CC      drivers/gpu/drm/msm/sde/sde_hw_dsc.o
  AR      drivers/nfc/built-in.o
  AR      drivers/media/spi/built-in.o
  CC      drivers/media/tuners/tuner-xc2028.o
  AR      drivers/net/built-in.o
  AR      drivers/media/usb/b2c2/built-in.o
  AR      drivers/media/usb/dvb-usb/built-in.o
  AR      drivers/media/usb/dvb-usb-v2/built-in.o
  AR      drivers/media/usb/s2255/built-in.o
  AR      drivers/media/usb/siano/built-in.o
  CC      drivers/gpu/drm/msm/sde/sde_hw_ds.o
  AR      drivers/media/usb/stkwebcam/built-in.o
  AR      drivers/media/usb/ttusb-budget/built-in.o
  AR      drivers/media/usb/ttusb-dec/built-in.o
  CC      drivers/media/usb/uvc/uvc_driver.o
  CC      drivers/gpu/drm/msm/sde/sde_hw_qdss.o
  CC      drivers/media/tuners/tuner-simple.o
  CC      drivers/media/platform/msm/vidc/msm_vdec.o
  CC      drivers/gpu/drm/msm/sde/sde_wb.o
  CC      drivers/media/usb/uvc/uvc_queue.o
  CC      drivers/media/platform/msm/vidc/msm_venc.o
  CC      drivers/media/tuners/tuner-types.o
  CC      drivers/gpu/drm/msm/sde/sde_encoder_phys_wb.o
  CC      drivers/media/usb/uvc/uvc_v4l2.o
  CC      drivers/media/tuners/mt20xx.o
  CC      drivers/media/usb/uvc/uvc_video.o
  CC      drivers/media/platform/msm/vidc/msm_cvp.o
  CC      drivers/gpu/drm/msm/msm_atomic.o
  CC      drivers/media/tuners/tda8290.o
  CC      drivers/media/platform/msm/vidc/msm_smem.o
  CC      drivers/media/usb/uvc/uvc_ctrl.o
  CC      drivers/media/tuners/tda9887.o
  CC      drivers/gpu/drm/msm/msm_drv.o
  CC      drivers/media/platform/msm/vidc/msm_vidc_debug.o
  CC      drivers/media/usb/uvc/uvc_status.o
  CC      drivers/media/tuners/tda827x.o
  CC      drivers/media/usb/uvc/uvc_isight.o
  CC      drivers/media/platform/msm/vidc/msm_vidc_res_parse.o
  CC      drivers/gpu/drm/msm/msm_fb.o
  CC      drivers/media/tuners/tda18271-maps.o
  CC      drivers/media/usb/uvc/uvc_debugfs.o
  CC      drivers/media/tuners/tda18271-common.o
  CC      drivers/media/usb/uvc/uvc_entity.o
  CC      drivers/gpu/drm/msm/msm_gem.o
  CC      drivers/media/tuners/tda18271-fe.o
  AR      drivers/media/usb/uvc/uvcvideo.o
  AR      drivers/media/usb/uvc/built-in.o
  CC      drivers/media/platform/msm/vidc/venus_hfi.o
  AR      drivers/media/usb/zr364xx/built-in.o
  AR      drivers/media/usb/built-in.o
  AR      drivers/gpu/drm/tilcdc/built-in.o
  AR      drivers/nvme/host/built-in.o
  AR      drivers/nvme/target/built-in.o
  AR      drivers/nvme/built-in.o
  CC      drivers/gpu/drm/msm/msm_gem_prime.o
  CC      drivers/media/tuners/xc5000.o
  CC      drivers/gpu/drm/msm/msm_gem_submit.o
  AR      drivers/gpu/drm/drm_kms_helper.o
  CC      drivers/media/v4l2-core/v4l2-dev.o
  CC      drivers/gpu/drm/msm/msm_gem_shrinker.o
  CC      drivers/media/tuners/xc4000.o
  CC      drivers/media/v4l2-core/v4l2-ioctl.o
  CC      drivers/gpu/drm/msm/msm_gem_vma.o
  CC      drivers/media/platform/msm/vidc/hfi_response_handler.o
  CC      drivers/media/tuners/mc44s803.o
  CC      drivers/gpu/drm/msm/msm_gpu.o
  CC      drivers/media/platform/msm/vidc/hfi_packetization.o
  AR      drivers/media/tuners/tda18271.o
  AR      drivers/media/tuners/built-in.o
  CC      drivers/media/media-device.o
  CC      drivers/media/v4l2-core/v4l2-device.o
  CC      drivers/gpu/drm/msm/msm_iommu.o
  CC      drivers/media/platform/msm/vidc/vidc_hfi.o
  CC      drivers/gpu/drm/msm/msm_smmu.o
  CC      drivers/media/v4l2-core/v4l2-fh.o
  CC      drivers/nvmem/core.o
  CC      drivers/media/platform/msm/vidc/venus_boot.o
  CC      drivers/gpu/drm/msm/msm_perf.o
  CC      drivers/media/v4l2-core/v4l2-event.o
  CC      drivers/nvmem/qfprom.o
  CC      drivers/media/platform/msm/vidc/msm_vidc_clocks.o
  CC      drivers/gpu/drm/msm/msm_rd.o
  CC      drivers/nvmem/qcom-spmi-sdam.o
  CC      drivers/media/v4l2-core/v4l2-ctrls.o
  AR      drivers/nvmem/nvmem_core.o
  AR      drivers/nvmem/nvmem_qfprom.o
  AR      drivers/nvmem/built-in.o
  AR      drivers/gpu/drm/drm.o
  CC      drivers/media/media-devnode.o
  CC      drivers/gpu/drm/msm/msm_ringbuffer.o
  CC      drivers/media/platform/msm/vidc/governors/msm_vidc_dyn_gov.o
  CC      drivers/media/v4l2-core/v4l2-subdev.o
  CC      drivers/gpu/drm/msm/msm_prop.o
  CC      drivers/media/platform/msm/vidc/governors/msm_vidc_ar50_dyn_gov.o
  CC      drivers/media/v4l2-core/v4l2-clk.o
  CC      drivers/gpu/drm/msm/msm_fence.o
  CC      drivers/of/base.o
  AR      drivers/media/platform/msm/vidc/governors/msm-vidc-dyn-gov.o
  AR      drivers/media/platform/msm/vidc/governors/msm-vidc-ar50-dyn-gov.o
  AR      drivers/media/platform/msm/vidc/governors/built-in.o
  AR      drivers/media/platform/msm/vidc/msm-vidc.o
  AR      drivers/media/platform/msm/vidc/built-in.o
  AR      drivers/media/platform/msm/built-in.o
  AR      drivers/media/platform/built-in.o
  CC      drivers/of/device.o
  CC      drivers/gpu/drm/msm/msm_debugfs.o
  CC      drivers/media/v4l2-core/v4l2-async.o
  CC      drivers/of/platform.o
  AR      drivers/gpu/drm/msm/msm_drm.o
  AR      drivers/gpu/drm/msm/built-in.o
  AR      drivers/gpu/drm/built-in.o
  AR      drivers/gpu/built-in.o
  CC      drivers/pci/access.o
  CC      drivers/media/media-entity.o
  CC      drivers/media/v4l2-core/v4l2-compat-ioctl32.o
  CC      drivers/of/property.o
  CC      drivers/pci/bus.o
  CC      drivers/media/v4l2-core/vb2-trace.o
  CC      drivers/of/kobj.o
  CC      drivers/pci/probe.o
  CC      drivers/of/fdt.o
  CC      drivers/pci/host-bridge.o
  CC      drivers/media/v4l2-core/v4l2-trace.o
  CC      drivers/pci/dwc/pcie-hisi.o
  CC      drivers/of/fdt_address.o
  CC      drivers/media/v4l2-core/v4l2-mc.o
  CC      drivers/of/address.o
  CC      drivers/pci/remove.o
  AR      drivers/pci/dwc/built-in.o
  CC      drivers/of/irq.o
  CC      drivers/pci/pci.o
  CC      drivers/media/v4l2-core/v4l2-common.o
  CC      drivers/of/of_net.o
  AR      drivers/media/media.o
  CC      drivers/of/of_mdio.o
  CC      drivers/media/v4l2-core/v4l2-dv-timings.o
  CC      drivers/perf/arm_dsu_pmu.o
  CC      drivers/of/of_pci.o
  CC      drivers/media/v4l2-core/v4l2-mem2mem.o
  CC      drivers/perf/arm_pmu.o
  CC      drivers/of/of_pci_irq.o
  CC      drivers/pci/pci-driver.o
  CC      drivers/media/v4l2-core/videobuf2-core.o
  CC      drivers/of/of_reserved_mem.o
  CC      drivers/perf/arm_pmu_platform.o
  CC      drivers/pci/search.o
  CC      drivers/perf/qcom_llcc_pmu.o
  CC      drivers/of/of_slimbus.o
  AR      drivers/perf/built-in.o
  CC      drivers/media/v4l2-core/videobuf2-v4l2.o
  CC      drivers/phy/phy-core.o
  CC      drivers/of/of_batterydata.o
  CC      drivers/pci/pci-sysfs.o
  AR      drivers/of/built-in.o
  CC      drivers/pinctrl/core.o
  AR      drivers/phy/broadcom/built-in.o
  AR      drivers/phy/hisilicon/built-in.o
  AR      drivers/phy/marvell/built-in.o
  AR      drivers/phy/motorola/built-in.o
  CC      drivers/phy/qualcomm/phy-qcom-ufs.o
  CC      drivers/pci/rom.o
  CC      drivers/media/v4l2-core/videobuf2-memops.o
  CC      drivers/phy/qualcomm/phy-qcom-ufs-qmp-14nm.o
  CC      drivers/media/v4l2-core/videobuf2-vmalloc.o
  CC      drivers/pinctrl/pinctrl-utils.o
  CC      drivers/pci/setup-res.o
  CC      drivers/phy/qualcomm/phy-qcom-ufs-qmp-v3.o
  CC      drivers/pinctrl/pinmux.o
  CC      drivers/pci/irq.o
  AR      drivers/media/v4l2-core/videodev.o
  AR      drivers/media/v4l2-core/built-in.o
  AR      drivers/media/built-in.o
  CC      drivers/phy/qualcomm/phy-qcom-ufs-qrbtc-sdm845.o
  CC      drivers/platform/msm/msm_ext_display.o
  CC      drivers/pinctrl/pinconf.o
  CC      drivers/phy/qualcomm/phy-qcom-ufs-qmp-v3-660.o
  CC      drivers/pci/vpd.o
  CC      drivers/pinctrl/devicetree.o
  CC      drivers/platform/msm/qcom-geni-se.o
  CC      drivers/phy/qualcomm/phy-qcom-ufs-qmp-v4.o
  AR      drivers/phy/qualcomm/built-in.o
  AR      drivers/phy/ralink/built-in.o
  AR      drivers/phy/samsung/built-in.o
  AR      drivers/phy/st/built-in.o
  CC      drivers/pci/setup-bus.o
  AR      drivers/phy/ti/built-in.o
  AR      drivers/phy/built-in.o
  CC      drivers/pinctrl/pinconf-generic.o
  CC      drivers/power/reset/msm-poweroff.o
  CC      drivers/platform/msm/qpnp-revid.o
  CC      drivers/pinctrl/pinctrl-sx150x.o
  CC      drivers/power/reset/xgene-reboot.o
  CC      drivers/power/reset/syscon-reboot.o
  AR      drivers/pinctrl/bcm/built-in.o
  CC      drivers/pci/vc.o
  AR      drivers/pinctrl/freescale/built-in.o
  CC      drivers/platform/msm/gsi/gsi.o
  AR      drivers/pinctrl/mvebu/built-in.o
  AR      drivers/pinctrl/nomadik/built-in.o
  CC      drivers/pinctrl/qcom/pinctrl-msm.o
  AR      drivers/power/reset/built-in.o
  CC      drivers/power/supply/power_supply_core.o
  CC      drivers/pci/mmap.o
  CC      drivers/pci/setup-irq.o
  CC      drivers/power/supply/power_supply_sysfs.o
  CC      drivers/pinctrl/qcom/pinctrl-spmi-gpio.o
  CC      drivers/pci/proc.o
  CC      drivers/power/supply/power_supply_leds.o
  CC      drivers/power/supply/maxim/onewire_gpio.o
  CC      drivers/pci/slot.o
  CC      drivers/pinctrl/qcom/pinctrl-spmi-mpp.o
../drivers/power/supply/maxim/onewire_gpio.c:461:82: warning: cast to smaller integer type 'uint32_t' (aka 'unsigned int') from 'void *' [-Wvoid-pointer-to-int-cast]
        ow_log("onewire_data->gpio_cfg_reg is %x; onewire_data->gpio_in_out_reg is %x", (uint32_t)(onewire_data->gpio_cfg_reg), (uint32_t)(onewire_data->gpio_in_out_reg));
                                                                                        ^~~~~~~~~~~~~~~~~~~~~~~~~~~~~~~~~~~~~~
../drivers/power/supply/maxim/onewire_gpio.c:28:16: note: expanded from macro 'ow_log'
#define ow_log  pr_err
                ^
../include/linux/printk.h:306:33: note: expanded from macro 'pr_err'
        printk(KERN_ERR pr_fmt(fmt), ##__VA_ARGS__)
                                       ^~~~~~~~~~~
../drivers/power/supply/maxim/onewire_gpio.c:461:122: warning: cast to smaller integer type 'uint32_t' (aka 'unsigned int') from 'void *' [-Wvoid-pointer-to-int-cast]
        ow_log("onewire_data->gpio_cfg_reg is %x; onewire_data->gpio_in_out_reg is %x", (uint32_t)(onewire_data->gpio_cfg_reg), (uint32_t)(onewire_data->gpio_in_out_reg));
                                                                                                                                ^~~~~~~~~~~~~~~~~~~~~~~~~~~~~~~~~~~~~~~~~
../drivers/power/supply/maxim/onewire_gpio.c:28:16: note: expanded from macro 'ow_log'
#define ow_log  pr_err
                ^
../include/linux/printk.h:306:33: note: expanded from macro 'pr_err'
        printk(KERN_ERR pr_fmt(fmt), ##__VA_ARGS__)
                                       ^~~~~~~~~~~
2 warnings generated.
  CC      drivers/platform/msm/gsi/gsi_dbg.o
  CC      drivers/pinctrl/qcom/pinctrl-atoll.o
  CC      drivers/power/supply/maxim/ucl_sha3.o
  CC      drivers/pci/quirks.o
  CC      drivers/power/supply/maxim/sha384_software.o
  CC      drivers/power/supply/maxim/ds28e16.o
  CC      drivers/pinctrl/qcom/pinctrl-slpi.o
  AR      drivers/platform/msm/gsi/gsidbg.o
  AR      drivers/platform/msm/gsi/built-in.o
  CC      drivers/platform/msm/ipa/ipa_clients/ipa_usb.o
  AR      drivers/pinctrl/qcom/built-in.o
  AR      drivers/pinctrl/sprd/built-in.o
  AR      drivers/pinctrl/ti/built-in.o
  AR      drivers/pinctrl/built-in.o
  CC      drivers/platform/msm/ipa/ipa_v3/ipahal/ipahal.o
  AR      drivers/power/supply/maxim/built-in.o
  CC      drivers/power/supply/qcom/qpnp-qg.o
  CC      drivers/pci/msi.o
  CC      drivers/platform/msm/ipa/ipa_v3/ipahal/ipahal_reg.o
  CC      drivers/platform/msm/ipa/ipa_clients/odu_bridge.o
  CC      drivers/platform/msm/ipa/ipa_v3/ipahal/ipahal_fltrt.o
  CC      drivers/power/supply/qcom/pmic-voter.o
  CC      drivers/pci/syscall.o
  CC      drivers/power/supply/qcom/qg-util.o
  CC      drivers/pci/of.o
  CC      drivers/platform/msm/ipa/ipa_clients/ipa_mhi_client.o
  CC      drivers/power/supply/qcom/qg-soc.o
  CC      drivers/pci/host/pci-msm.o
  CC      drivers/power/supply/qcom/qg-sdam.o
  CC      drivers/platform/msm/ipa/ipa_v3/ipahal/ipahal_hw_stats.o
  CC      drivers/power/supply/qcom/qg-battery-profile.o
../drivers/platform/msm/ipa/ipa_v3/ipahal/ipahal_hw_stats.c:234:12: warning: cast to smaller integer type 'int' from 'void *' [-Wvoid-pointer-to-int-cast]
        int num = (int)(params);
                  ^~~~~~~~~~~~~
1 warning generated.
  CC      drivers/power/supply/qcom/qg-profile-lib.o
  CC      drivers/platform/msm/ipa/ipa_v3/ipahal/ipahal_nat.o
  CC      drivers/platform/msm/ipa/ipa_clients/ipa_uc_offload.o
  CC      drivers/power/supply/qcom/fg-alg.o
  AR      drivers/platform/msm/ipa/ipa_v3/ipahal/ipa_hal.o
  AR      drivers/platform/msm/ipa/ipa_v3/ipahal/built-in.o
  CC      drivers/platform/msm/ipa/ipa_v3/ipa.o
  CC      drivers/power/supply/qcom/smb1355-charger.o
  CC      drivers/platform/msm/ipa/ipa_clients/ipa_wdi3.o
  CC      drivers/power/supply/qcom/step-chg-jeita.o
  CC      drivers/pci/host/pci-thunder-ecam.o
  CC      drivers/power/supply/qcom/battery.o
  CC      drivers/platform/msm/ipa/ipa_clients/ipa_gsb.o
  CC      drivers/pci/host/pci-thunder-pem.o
  CC      drivers/pci/host/pci-xgene.o
  CC      drivers/power/supply/qcom/qpnp-smb5.o
  AR      drivers/pci/host/built-in.o
  AR      drivers/pci/switch/built-in.o
  AR      drivers/pci/built-in.o
  CC      drivers/pps/pps.o
  CC      drivers/platform/msm/ipa/ipa_clients/ipa_wigig.o
  CC      drivers/power/supply/qcom/smb5-lib.o
  CC      drivers/pps/kapi.o
../drivers/power/supply/qcom/smb5-lib.c:4170:3: warning: misleading indentation; statement is not part of the previous 'if' [-Wmisleading-indentation]
                if (rc < 0)
                ^
../drivers/power/supply/qcom/smb5-lib.c:4168:2: note: previous statement is here
        if (chg->wa_flags & USBIN_ADC_WA)
        ^
  CC      drivers/pps/sysfs.o
  CC      drivers/platform/msm/ipa/ipa_clients/rndis_ipa.o
  AR      drivers/pps/clients/built-in.o
  AR      drivers/pps/generators/built-in.o
  AR      drivers/pps/pps_core.o
  AR      drivers/pps/built-in.o
  CC      drivers/platform/msm/ipa/test/ipa_ut_framework.o
  CC      drivers/platform/msm/ipa/ipa_v3/ipa_debugfs.o
  CC      drivers/platform/msm/ipa/test/ipa_test_example.o
1 warning generated.
  CC      drivers/platform/msm/ipa/test/ipa_test_mhi.o
  AR      drivers/platform/msm/ipa/ipa_clients/built-in.o
  CC      drivers/platform/msm/ipa/ipa_api.o
  CC      drivers/power/supply/qcom/storm-watch.o
  CC      drivers/power/supply/qcom/schgm-flash.o
  CC      drivers/platform/msm/ipa/ipa_v3/ipa_hdr.o
  CC      drivers/power/supply/qcom/smb1390-charger-psy.o
../drivers/power/supply/qcom/smb1390-charger-psy.c:2029:18: warning: cast to smaller integer type 'int' from 'const void *' [-Wvoid-pointer-to-int-cast]
        chip->cp_role = (int)of_device_get_match_data(chip->dev);
                        ^~~~~~~~~~~~~~~~~~~~~~~~~~~~~~~~~~~~~~~~
1 warning generated.
  CC      drivers/power/supply/qcom/smb1398-charger.o
  CC      drivers/platform/msm/ipa/ipa_v3/ipa_flt.o
  CC      drivers/platform/msm/sps/bam.o
../drivers/power/supply/qcom/smb1398-charger.c:2418:23: warning: cast to smaller integer type 'int' from 'const void *' [-Wvoid-pointer-to-int-cast]
        chip->div2_cp_role = (int)of_device_get_match_data(chip->dev);
                             ^~~~~~~~~~~~~~~~~~~~~~~~~~~~~~~~~~~~~~~~
  CC      drivers/platform/msm/ipa/test/ipa_test_dma.o
1 warning generated.
  AR      drivers/power/supply/qcom/built-in.o
  AR      drivers/power/supply/power_supply.o
  AR      drivers/power/supply/built-in.o
  AR      drivers/power/built-in.o
  CC      drivers/ptp/ptp_clock.o
  CC      drivers/platform/msm/ipa/ipa_v3/ipa_rt.o
  CC      drivers/platform/msm/ipa/test/ipa_test_hw_stats.o
  CC      drivers/ptp/ptp_chardev.o
  CC      drivers/ptp/ptp_sysfs.o
  CC      drivers/platform/msm/ipa/ipa_v3/ipa_dp.o
  CC      drivers/platform/msm/ipa/test/ipa_pm_ut.o
  CC      drivers/platform/msm/sps/sps_bam.o
  AR      drivers/ptp/ptp.o
  AR      drivers/ptp/built-in.o
  CC      drivers/pwm/core.o
  CC      drivers/pwm/sysfs.o
  CC      drivers/platform/msm/sps/sps.o
  CC      drivers/platform/msm/ipa/test/ipa_test_wdi3.o
  CC      drivers/pwm/pwm-qti-lpg.o
  AR      drivers/pwm/built-in.o
  CC      drivers/platform/msm/ipa/ipa_v3/ipa_client.o
  AR      drivers/platform/msm/ipa/test/ipa_ut_mod.o
  AR      drivers/platform/msm/ipa/test/built-in.o
  CC      drivers/platform/msm/sps/sps_dma.o
  CC      drivers/platform/msm/usb_bam.o
  CC      drivers/platform/msm/ipa/ipa_rm.o
  CC      drivers/platform/msm/sps/sps_map.o
  CC      drivers/platform/msm/sps/sps_mem.o
  CC      drivers/platform/msm/ipa/ipa_v3/ipa_utils.o
  CC      drivers/platform/msm/sps/sps_rm.o
  CC      drivers/ras/ras.o
  CC      drivers/platform/msm/ipa/ipa_v3/ipa_nat.o
  AR      drivers/platform/msm/sps/built-in.o
  CC      drivers/regulator/core.o
  CC      drivers/ras/debugfs.o
  CC      drivers/platform/msm/ipa/ipa_rm_dependency_graph.o
  AR      drivers/ras/built-in.o
  CC      drivers/reset/core.o
  CC      drivers/rpmsg/rpmsg_core.o
  AR      drivers/reset/hisilicon/built-in.o
  AR      drivers/reset/built-in.o
  CC      drivers/rpmsg/rpmsg_char.o
  CC      drivers/platform/msm/ipa/ipa_v3/ipa_intf.o
  CC      drivers/regulator/dummy.o
  CC      drivers/platform/msm/ipa/ipa_rm_peers_list.o
  CC      drivers/rpmsg/qcom_glink_native.o
  CC      drivers/regulator/fixed-helper.o
  CC      drivers/platform/msm/ipa/ipa_rm_resource.o
  CC      drivers/platform/msm/ipa/ipa_v3/teth_bridge.o
  CC      drivers/regulator/helpers.o
  CC      drivers/regulator/devres.o
  CC      drivers/platform/msm/ipa/ipa_v3/ipa_interrupts.o
  CC      drivers/rpmsg/qcom_glink_smem.o
  CC      drivers/regulator/of_regulator.o
  CC      drivers/rtc/rtc-lib.o
  CC      drivers/platform/msm/ipa/ipa_v3/ipa_uc.o
  CC      drivers/rpmsg/qcom_glink_spi.o
  CC      drivers/rtc/hctosys.o
  CC      drivers/regulator/fixed.o
  CC      drivers/rtc/systohc.o
  CC      drivers/regulator/proxy-consumer.o
  CC      drivers/platform/msm/ipa/ipa_v3/ipa_uc_wdi.o
  CC      drivers/rtc/class.o
  CC      drivers/regulator/qpnp-lcdb-regulator.o
  AR      drivers/rpmsg/built-in.o
  CC      drivers/scsi/scsi.o
  CC      drivers/rtc/interface.o
  CC      drivers/regulator/qpnp-amoled-regulator.o
  CC      drivers/rtc/nvmem.o
  CC      drivers/platform/msm/ipa/ipa_v3/ipa_dma.o
  CC      drivers/scsi/hosts.o
  CC      drivers/regulator/qcom_pm8008-regulator.o
  CC      drivers/rtc/rtc-dev.o
  CC      drivers/rtc/rtc-proc.o
  CC      drivers/platform/msm/ipa/ipa_v3/ipa_uc_mhi.o
  CC      drivers/regulator/refgen.o
  CC      drivers/scsi/scsi_ioctl.o
  CC      drivers/rtc/rtc-sysfs.o
  CC      drivers/regulator/rpmh-regulator.o
  CC      drivers/rtc/qpnp-rtc.o
  CC      drivers/platform/msm/ipa/ipa_v3/ipa_mhi.o
  CC      drivers/scsi/scsicam.o
  CC      drivers/regulator/stub-regulator.o
  CC      drivers/platform/msm/ipa/ipa_v3/ipa_uc_ntn.o
  AR      drivers/rtc/rtc-core.o
  AR      drivers/rtc/built-in.o
  CC      drivers/platform/msm/ipa/ipa_rm_inactivity_timer.o
  CC      drivers/scsi/scsi_error.o
  AR      drivers/regulator/built-in.o
  CC      drivers/platform/msm/ipa/ipa_v3/ipa_hw_stats.o
  CC      drivers/platform/msm/ipa/ipa_v3/ipa_pm.o
  CC      drivers/scsi/scsi_lib.o
  CC      drivers/sensors/sensors_ssc.o
  AR      drivers/platform/msm/ipa/ipa_common
  CC      drivers/slimbus/slimbus.o
  CC      drivers/platform/msm/ipa/ipa_v3/ipa_wdi3_i.o
  AR      drivers/sensors/built-in.o
  CC      drivers/scsi/scsi_common.o
  CC      drivers/slimbus/slim-msm.o
  CC      drivers/scsi/constants.o
  CC      drivers/platform/msm/ipa/ipa_v3/ipa_odl.o
  CC      drivers/scsi/scsi_lib_dma.o
  CC      drivers/slimbus/slim-msm-ngd.o
  CC      drivers/platform/msm/ipa/ipa_v3/ipa_wigig_i.o
  CC      drivers/scsi/scsi_scan.o
  AR      drivers/soc/bcm/built-in.o
  AR      drivers/soc/fsl/built-in.o
  CC      drivers/soc/qcom/cpuss_dump.o
  CC      drivers/platform/msm/ipa/ipa_v3/ipa_qdss.o
  CC      drivers/scsi/scsi_sysfs.o
  CC      drivers/soc/qcom/mdt_loader.o
  AR      drivers/slimbus/built-in.o
  CC      drivers/spi/spi.o
  CC      drivers/platform/msm/ipa/ipa_v3/rmnet_ipa.o
  CC      drivers/soc/qcom/llcc-core.o
  CC      drivers/soc/qcom/llcc-slice.o
  CC      drivers/scsi/scsi_devinfo.o
  CC      drivers/soc/qcom/llcc-atoll.o
  CC      drivers/soc/qcom/qmi_encdec.o
  CC      drivers/scsi/scsi_sysctl.o
  CC      drivers/spi/spidev.o
  CC      drivers/scsi/scsi_proc.o
  CC      drivers/platform/msm/ipa/ipa_v3/ipa_qmi_service_v01.o
  CC      drivers/soc/qcom/qmi_interface.o
  CC      drivers/spi/spi-geni-qcom.o
  CC      drivers/scsi/scsi_debugfs.o
  CC      drivers/platform/msm/ipa/ipa_v3/ipa_qmi_service.o
  CC      drivers/scsi/scsi_trace.o
  CC      drivers/soc/qcom/smem.o
  CC      drivers/scsi/scsi_logging.o
  CC      drivers/platform/msm/ipa/ipa_v3/rmnet_ipa_fd_ioctl.o
  AR      drivers/spi/built-in.o
  CC      drivers/spmi/spmi.o
  CC      drivers/soc/qcom/smem_state.o
  AR      drivers/platform/msm/ipa/ipa_v3/ipat.o
  AR      drivers/platform/msm/ipa/ipa_v3/built-in.o
  AR      drivers/platform/msm/ipa/built-in.o
  AR      drivers/platform/msm/built-in.o
  AR      drivers/platform/built-in.o
  CC      drivers/scsi/scsi_pm.o
  AR      drivers/soc/renesas/built-in.o
  CC      drivers/spmi/spmi-pmic-arb.o
  CC      drivers/soc/qcom/smp2p.o
  CC      drivers/spmi/simulator/spmi-sim.o
  CC      drivers/scsi/ufs/ufs-qcom.o
  CC      drivers/staging/android/ion/ion.o
  CC      drivers/soc/qcom/scm.o
  CC      drivers/spmi/simulator/pm8150-sim.o
  CC      drivers/staging/android/ion/ion-ioctl.o
  CC      drivers/soc/qcom/early_random.o
  CC      drivers/spmi/simulator/pm8150b-sim.o
  CC      drivers/scsi/ufs/ufs-qcom-ice.o
  CC      drivers/staging/android/ion/ion_heap.o
  CC      drivers/soc/qcom/socinfo.o
  CC      drivers/spmi/simulator/pm8150l-sim.o
  CC      drivers/scsi/ufs/ufshcd.o
  AR      drivers/spmi/simulator/built-in.o
  AR      drivers/spmi/built-in.o
  CC      drivers/staging/android/ashmem.o
  CC      drivers/soc/qcom/boot_stats.o
  CC      drivers/staging/android/ion/ion_page_pool.o
  AR      drivers/staging/iio/accel/built-in.o
  AR      drivers/staging/iio/adc/built-in.o
  CC      drivers/soc/qcom/dcc_v2.o
  AR      drivers/staging/iio/addac/built-in.o
  AR      drivers/staging/iio/cdc/built-in.o
  AR      drivers/staging/iio/frequency/built-in.o
  AR      drivers/staging/iio/gyro/built-in.o
  AR      drivers/staging/iio/impedance-analyzer/built-in.o
  AR      drivers/staging/iio/light/built-in.o
  AR      drivers/staging/iio/meter/built-in.o
  AR      drivers/staging/iio/resolver/built-in.o
  AR      drivers/staging/iio/trigger/built-in.o
  CC      drivers/staging/android/ion/ion_system_heap.o
  AR      drivers/staging/iio/built-in.o
  AR      drivers/staging/media/built-in.o
  CC      drivers/soc/qcom/secure_buffer.o
../drivers/soc/qcom/dcc_v2.c:332:5: warning: misleading indentation; statement is not part of the previous 'if' [-Wmisleading-indentation]
                                sram_offset += 4;
                                ^
../drivers/soc/qcom/dcc_v2.c:330:4: note: previous statement is here
                        if (ret)
                        ^
../drivers/soc/qcom/dcc_v2.c:338:5: warning: misleading indentation; statement is not part of the previous 'if' [-Wmisleading-indentation]
                                sram_offset += 4;
                                ^
../drivers/soc/qcom/dcc_v2.c:336:4: note: previous statement is here
                        if (ret)
                        ^
../drivers/soc/qcom/dcc_v2.c:344:5: warning: misleading indentation; statement is not part of the previous 'if' [-Wmisleading-indentation]
                                sram_offset += 4;
                                ^
../drivers/soc/qcom/dcc_v2.c:342:4: note: previous statement is here
                        if (ret)
                        ^
../drivers/soc/qcom/dcc_v2.c:427:5: warning: misleading indentation; statement is not part of the previous 'if' [-Wmisleading-indentation]
                                sram_offset += 4;
                                ^
../drivers/soc/qcom/dcc_v2.c:425:4: note: previous statement is here
                        if (ret)
                        ^
../drivers/soc/qcom/dcc_v2.c:432:5: warning: misleading indentation; statement is not part of the previous 'if' [-Wmisleading-indentation]
                                sram_offset += 4;
                                ^
../drivers/soc/qcom/dcc_v2.c:430:4: note: previous statement is here
                        if (ret)
                        ^
../drivers/soc/qcom/dcc_v2.c:438:5: warning: misleading indentation; statement is not part of the previous 'if' [-Wmisleading-indentation]
                                sram_offset += 4;
                                ^
../drivers/soc/qcom/dcc_v2.c:436:4: note: previous statement is here
                        if (ret)
                        ^
6 warnings generated.
  CC      drivers/staging/android/ion/ion_carveout_heap.o
  CC      drivers/soc/qcom/memory_dump_v2.o
  CC      drivers/staging/android/ion/ion_chunk_heap.o
  CC      drivers/staging/qcacld-3.0/core/hdd/src/wlan_hdd_assoc.o
  CC      drivers/soc/qcom/watchdog_v2.o
  CC      drivers/staging/android/ion/ion_system_secure_heap.o
  CC      drivers/staging/android/ion/ion_cma_heap.o
  CC      drivers/soc/qcom/qpnp-pbs.o
  CC      drivers/staging/android/ion/ion_secure_util.o
  CC      drivers/soc/qcom/icnss.o
  CC      drivers/scsi/ufs/ufshcd-pltfrm.o
  CC      drivers/staging/android/ion/ion_cma_secure_heap.o
  CC      drivers/staging/qcacld-3.0/core/hdd/src/wlan_hdd_cfg.o
  CC      drivers/scsi/ufs/ufs-debugfs.o
  CC      drivers/staging/android/ion/msm/msm_ion_of.o
  AR      drivers/staging/android/ion/msm/built-in.o
  AR      drivers/staging/android/ion/built-in.o
  CC      drivers/staging/android/timed_output.o
  CC      drivers/scsi/ufs/ufs-qcom-debugfs.o
  CC      drivers/soc/qcom/icnss_qmi.o
  CC      drivers/staging/android/lowmemorykiller.o
  AR      drivers/scsi/ufs/built-in.o
  CC      drivers/scsi/sd.o
  CC      drivers/staging/qcacld-3.0/core/hdd/src/wlan_hdd_cfg80211.o
  CC      drivers/soc/qcom/wlan_firmware_service_v01.o
  CC      drivers/soc/qcom/service-notifier.o
  AR      drivers/staging/android/built-in.o
  CC      drivers/staging/qcacld-3.0/core/hdd/src/wlan_hdd_data_stall_detection.o
  CC      drivers/soc/qcom/service-locator.o
  CC      drivers/scsi/sg.o
  CC      drivers/soc/qcom/sysmon-qmi.o
  CC      drivers/thermal/thermal_core.o
  CC      drivers/soc/qcom/memshare/heap_mem_ext_v01.o
  CC      drivers/soc/qcom/memshare/msm_memshare.o
  CC      drivers/scsi/ch.o
  AR      drivers/soc/qcom/memshare/built-in.o
  CC      drivers/soc/qcom/msm_bus/msm_bus_core.o
  AR      drivers/scsi/scsi_mod.o
  AR      drivers/scsi/sd_mod.o
  AR      drivers/scsi/built-in.o
  CC      drivers/staging/qcacld-3.0/core/hdd/src/wlan_hdd_driver_ops.o
  CC      drivers/thermal/thermal_sysfs.o
  CC      drivers/soc/qcom/msm_bus/msm_bus_client_api.o
  CC      drivers/thermal/thermal_helpers.o
  CC      drivers/soc/qcom/msm_bus/msm_bus_of.o
  AR      drivers/staging/typec/fusb302/built-in.o
  AR      drivers/staging/typec/built-in.o
  CC      drivers/soc/qcom/qdsp6v2/cdsp-loader.o
  CC      drivers/thermal/thermal_hwmon.o
  CC      drivers/staging/qcacld-3.0/core/hdd/src/wlan_hdd_ext_scan.o
  AR      drivers/soc/qcom/qdsp6v2/built-in.o
  CC      drivers/staging/qcacld-3.0/core/hdd/src/wlan_hdd_ftm.o
  CC      drivers/soc/qcom/msm_bus/msm_bus_fabric_rpmh.o
  CC      drivers/thermal/of-thermal.o
  CC      drivers/soc/qcom/msm_bus/msm_bus_arb_rpmh.o
  CC      drivers/tty/tty_io.o
  CC      drivers/thermal/step_wise.o
  CC      drivers/soc/qcom/msm_bus/msm_bus_rules.o
  CC      drivers/staging/qcacld-3.0/core/hdd/src/wlan_hdd_hostapd.o
  CC      drivers/thermal/user_space.o
  CC      drivers/soc/qcom/msm_bus/msm_bus_bimc_rpmh.o
  CC      drivers/thermal/gov_low_limits.o
  CC      drivers/tty/n_tty.o
  CC      drivers/thermal/cpu_cooling.o
  CC      drivers/soc/qcom/msm_bus/msm_bus_noc_rpmh.o
  CC      drivers/soc/qcom/msm_bus/msm_bus_proxy_client.o
  CC      drivers/thermal/devfreq_cooling.o
  CC      drivers/soc/qcom/msm_bus/msm_bus_of_rpmh.o
  CC      drivers/tty/tty_ioctl.o
  CC      drivers/staging/qcacld-3.0/core/hdd/src/wlan_hdd_ioctl.o
  CC      drivers/soc/qcom/msm_bus/msm_bus_dbg.o
  AR      drivers/thermal/broadcom/built-in.o
  CC      drivers/thermal/qcom/msm_lmh_dcvs.o
  CC      drivers/tty/tty_ldisc.o
  CC      drivers/thermal/qcom/lmh_dbg.o
  CC      drivers/tty/tty_buffer.o
  AR      drivers/soc/qcom/msm_bus/built-in.o
  CC      drivers/soc/qcom/peripheral-loader.o
  CC      drivers/thermal/qcom/qti_virtual_sensor.o
  CC      drivers/tty/tty_port.o
  CC      drivers/thermal/qcom/regulator_aop_cdev.o
  CC      drivers/staging/qcacld-3.0/core/hdd/src/wlan_hdd_main.o
  CC      drivers/thermal/qcom/regulator_cdev.o
  CC      drivers/tty/tty_mutex.o
  CC      drivers/soc/qcom/subsys-pil-tz.o
  CC      drivers/thermal/qcom/thermal_mitigation_device_service_v01.o
  CC      drivers/thermal/qcom/qmi_cooling.o
  CC      drivers/tty/tty_ldsem.o
  CC      drivers/soc/qcom/rq_stats.o
  CC      drivers/thermal/qcom/thermal_sensor_service_v01.o
  CC      drivers/thermal/qcom/qmi_sensors.o
  CC      drivers/tty/tty_baudrate.o
  CC      drivers/soc/qcom/cmd-db.o
  CC      drivers/thermal/qcom/bcl_pmic5.o
  CC      drivers/tty/tty_jobctrl.o
  CC      drivers/soc/qcom/rpmh.o
  CC      drivers/thermal/qcom/bcl_soc.o
  CC      drivers/tty/n_null.o
  CC      drivers/thermal/qcom/adc-tm.o
  CC      drivers/soc/qcom/system_pm.o
  CC      drivers/tty/pty.o
  CC      drivers/soc/qcom/smcinvoke.o
  CC      drivers/thermal/qcom/adc-tm-common.o
  CC      drivers/tty/tty_audit.o
  CC      drivers/staging/qcacld-3.0/core/hdd/src/wlan_hdd_object_manager.o
  CC      drivers/thermal/qcom/adc-tm5.o
  CC      drivers/tty/sysrq.o
  CC      drivers/soc/qcom/subsystem_notif.o
  AR      drivers/thermal/qcom/built-in.o
  AR      drivers/thermal/samsung/built-in.o
  CC      drivers/thermal/qcom-spmi-temp-alarm.o
  CC      drivers/soc/qcom/subsystem_restart.o
  CC      drivers/staging/qcacld-3.0/core/hdd/src/wlan_hdd_oemdata.o
  AR      drivers/tty/ipwireless/built-in.o
  CC      drivers/tty/serial/serial_core.o
  CC      drivers/thermal/msm-tsens.o
  CC      drivers/thermal/tsens2xxx.o
  CC      drivers/soc/qcom/ramdump.o
  CC      drivers/thermal/tsens-dbg.o
  CC      drivers/staging/qcacld-3.0/core/hdd/src/wlan_hdd_p2p.o
  CC      drivers/tty/serial/msm_geni_serial.o
  CC      drivers/thermal/tsens-mtc.o
  CC      drivers/soc/qcom/microdump_collector.o
  CC      drivers/soc/qcom/eud.o
  AR      drivers/tty/serial/built-in.o
  CC      drivers/tty/vt/vt_ioctl.o
  CC      drivers/thermal/tsens1xxx.o
  CC      drivers/staging/qcacld-3.0/core/hdd/src/wlan_hdd_packet_filter.o
  CC      drivers/soc/qcom/qsee_ipc_irq.o
  CC      drivers/thermal/tsens_calib.o
  CC      drivers/soc/qcom/glink_probe.o
  AR      drivers/thermal/thermal_sys.o
  AR      drivers/thermal/built-in.o
  CC      drivers/staging/qcacld-3.0/core/hdd/src/wlan_hdd_power.o
  CC      drivers/tty/vt/vc_screen.o
  CC      drivers/soc/qcom/glink_pkt.o
  CC      drivers/staging/qcacld-3.0/core/hdd/src/wlan_hdd_regulatory.o
  CC      drivers/tty/vt/selection.o
  CC      drivers/soc/qcom/event_timer.o
  CC      drivers/tty/vt/keyboard.o
  CC      drivers/staging/qcacld-3.0/core/hdd/src/wlan_hdd_scan.o
  CC      drivers/soc/qcom/lpm-stats.o
  CC      drivers/staging/qcacld-3.0/core/hdd/src/wlan_hdd_softap_tx_rx.o
  CC      drivers/tty/vt/consolemap.o
  CC      drivers/soc/qcom/rpm_stats.o
  CC      drivers/staging/qcacld-3.0/core/hdd/src/wlan_hdd_stats.o
  CC      drivers/soc/qcom/fsa4480-i2c.o
  CONMK   drivers/tty/vt/consolemap_deftbl.c
  CC      drivers/uio/uio.o
  CC      drivers/tty/vt/vt.o
  CC      drivers/soc/qcom/rpmh_master_stat.o
  CC      drivers/uio/msm_sharedmem/msm_sharedmem.o
  CC      drivers/soc/qcom/qmp-debugfs-client.o
  AR      drivers/uio/msm_sharedmem/built-in.o
  AR      drivers/uio/built-in.o
  CC      drivers/staging/qcacld-3.0/core/hdd/src/wlan_hdd_trace.o
  SHIPPED drivers/tty/vt/defkeymap.c
  CC      drivers/staging/qcacld-3.0/core/hdd/src/wlan_hdd_tx_rx.o
  CC      drivers/soc/qcom/msm_performance.o
  CC      drivers/tty/vt/consolemap_deftbl.o
  CC      drivers/tty/vt/defkeymap.o
  CC      drivers/usb/common/common.o
  AR      drivers/tty/vt/built-in.o
  AR      drivers/tty/built-in.o
  CC      drivers/usb/core/usb.o
  CC      drivers/soc/qcom/smp2p_sleepstate.o
  AR      drivers/usb/common/usb-common.o
  AR      drivers/usb/common/built-in.o
  CC      drivers/usb/dwc3/core.o
  CC      drivers/soc/qcom/mem-offline.o
  CC      drivers/staging/qcacld-3.0/core/hdd/src/wlan_hdd_wext.o
  CC      drivers/usb/core/hub.o
  CC      drivers/soc/qcom/cdsprm.o
  CC      drivers/soc/qcom/cx_ipeak.o
  CC      drivers/usb/dwc3/debug_ipc.o
  CC      drivers/usb/dwc3/trace.o
  AR      drivers/soc/qcom/qmi_helpers.o
  AR      drivers/soc/qcom/built-in.o
  AR      drivers/soc/built-in.o
  CC      drivers/video/hdmi.o
  CC      drivers/usb/core/hcd.o
  CC      drivers/staging/qcacld-3.0/core/hdd/src/wlan_hdd_wmm.o
  CC      drivers/usb/dwc3/host.o
  CC      drivers/video/backlight/backlight.o
  CC      drivers/usb/dwc3/gadget.o
  CC      drivers/usb/core/urb.o
  CC      drivers/video/backlight/qcom-spmi-wled.o
  CC      drivers/staging/qcacld-3.0/core/hdd/src/wlan_hdd_wowl.o
  CC      drivers/usb/core/message.o
  AR      drivers/video/backlight/built-in.o
  CC      drivers/video/console/dummycon.o
  CC      drivers/usb/dwc3/ep0.o
  CC      drivers/staging/qcacld-3.0/core/hdd/src/wlan_hdd_debugfs.o
  AR      drivers/video/console/built-in.o
  CC      drivers/video/fbdev/core/fb_cmdline.o
  CC      drivers/usb/core/driver.o
  CC      drivers/usb/dwc3/drd.o
  CC      drivers/video/fbdev/core/fb_notify.o
  CC      drivers/staging/qcacld-3.0/core/hdd/src/wlan_hdd_debugfs_llstat.o
  CC      drivers/usb/dwc3/debugfs.o
  CC      drivers/usb/core/config.o
  CC      drivers/video/fbdev/core/fbmem.o
  CC      drivers/usb/dwc3/dwc3-of-simple.o
  CC      drivers/usb/core/file.o
  CC      drivers/usb/dwc3/dwc3-msm.o
  CC      drivers/staging/qcacld-3.0/core/hdd/src/wlan_hdd_debugfs_csr.o
  CC      drivers/usb/core/buffer.o
  CC      drivers/video/fbdev/core/fbmon.o
  CC      drivers/usb/core/sysfs.o
  CC      drivers/staging/qcacld-3.0/core/hdd/src/wlan_hdd_debugfs_connect.o
  CC      drivers/usb/core/endpoint.o
  CC      drivers/video/fbdev/core/fbcmap.o
  CC      drivers/usb/core/devio.o
  CC      drivers/usb/dwc3/dbm.o
  CC      drivers/video/fbdev/core/fbsysfs.o
  CC      drivers/staging/qcacld-3.0/core/hdd/src/wlan_hdd_debugfs_offload.o
  AR      drivers/usb/dwc3/dwc3.o
  AR      drivers/usb/dwc3/built-in.o
  AR      drivers/video/fbdev/omap2/omapfb/displays/built-in.o
  AR      drivers/video/fbdev/omap2/omapfb/dss/built-in.o
  AR      drivers/video/fbdev/omap2/omapfb/built-in.o
  AR      drivers/video/fbdev/omap2/built-in.o
  CC      drivers/video/logo/logo.o
  LOGO    drivers/video/logo/logo_linux_clut224.c
  LOGO    drivers/video/logo/logo_linux_mono.c
  LOGO    drivers/video/logo/logo_superh_mono.c
  LOGO    drivers/video/logo/clut_vga16.c
  LOGO    drivers/video/logo/logo_blackfin_vga16.c
  LOGO    drivers/video/logo/logo_linux_vga16.c
  LOGO    drivers/video/logo/logo_superh_vga16.c
  LOGO    drivers/video/logo/logo_blackfin_clut224.c
  LOGO    drivers/video/logo/logo_dec_clut224.c
  LOGO    drivers/video/logo/logo_m32r_clut224.c
  LOGO    drivers/video/logo/logo_mac_clut224.c
  LOGO    drivers/video/logo/logo_parisc_clut224.c
  LOGO    drivers/video/logo/logo_sgi_clut224.c
  LOGO    drivers/video/logo/logo_spe_clut224.c
  LOGO    drivers/video/logo/logo_sun_clut224.c
  LOGO    drivers/video/logo/logo_superh_clut224.c
  CC      drivers/video/logo/logo_linux_clut224.o
  AR      drivers/video/logo/built-in.o
  CC      drivers/video/fbdev/core/modedb.o
  CC      drivers/usb/core/notify.o
  CC      drivers/usb/gadget/usbstring.o
  CC      drivers/usb/core/generic.o
  CC      drivers/staging/qcacld-3.0/core/hdd/src/wlan_hdd_debugfs_roam.o
  CC      drivers/usb/gadget/config.o
  CC      drivers/video/fbdev/core/fbcvt.o
  CC      drivers/usb/core/quirks.o
  CC      drivers/video/fbdev/core/cfbfillrect.o
  CC      drivers/usb/gadget/epautoconf.o
  CC      drivers/usb/core/devices.o
  CC      drivers/staging/qcacld-3.0/core/hdd/src/wlan_hdd_debugfs_coex.o
  CC      drivers/video/fbdev/core/cfbcopyarea.o
  CC      drivers/usb/gadget/composite.o
  CC      drivers/usb/core/port.o
  CC      drivers/usb/core/of.o
  CC      drivers/video/fbdev/core/cfbimgblt.o
  CC      drivers/staging/qcacld-3.0/core/hdd/src/wlan_hdd_spectralscan.o
  CC      drivers/usb/core/hcd-pci.o
  CC      drivers/usb/gadget/functions.o
  AR      drivers/video/fbdev/core/fb.o
  AR      drivers/video/fbdev/core/built-in.o
  CC      drivers/video/fbdev/amba-clcd.o
  CC      drivers/usb/gadget/configfs.o
  AR      drivers/usb/core/usbcore.o
  AR      drivers/usb/core/built-in.o
  CC      drivers/usb/host/pci-quirks.o
  AR      drivers/video/fbdev/built-in.o
  CC      drivers/video/display_timing.o
  CC      drivers/staging/qcacld-3.0/core/hdd/src/wlan_hdd_fips.o
  CC      drivers/video/videomode.o
  CC      drivers/video/of_display_timing.o
  CC      drivers/usb/gadget/u_f.o
  CC      drivers/usb/host/ehci-hcd.o
  CC      drivers/video/of_videomode.o
  AR      drivers/video/built-in.o
  CC      drivers/usb/isp1760/isp1760-core.o
  CC      drivers/staging/qcacld-3.0/core/hdd/src/wlan_hdd_green_ap.o
  CC      drivers/usb/gadget/function/u_ether.o
  CC      drivers/usb/isp1760/isp1760-if.o
  CC      drivers/usb/isp1760/isp1760-hcd.o
  CC      drivers/staging/qcacld-3.0/core/hdd/src/wlan_hdd_apf.o
  CC      drivers/usb/gadget/function/rndis.o
  AR      drivers/usb/isp1760/isp1760.o
  AR      drivers/usb/isp1760/built-in.o
  CC      drivers/usb/host/ehci-pci.o
  AR      drivers/usb/gadget/legacy/built-in.o
  CC      drivers/staging/qcacld-3.0/core/hdd/src/wlan_hdd_lpass.o
  CC      drivers/usb/gadget/function/f_ncm.o
  CC      drivers/usb/host/ehci-platform.o
  CC      drivers/usb/host/ohci-hcd.o
  CC      drivers/usb/misc/ehset.o
  CC      drivers/usb/gadget/function/f_mass_storage.o
  CC      drivers/staging/qcacld-3.0/core/hdd/src/wlan_hdd_napi.o
  CC      drivers/usb/misc/lvstest.o
  AR      drivers/usb/misc/built-in.o
  CC      drivers/usb/pd/policy_engine.o
  CC      drivers/usb/host/ohci-pci.o
  CC      drivers/staging/qcacld-3.0/core/hdd/src/wlan_hdd_ipa.o
  CC      drivers/usb/host/ohci-platform.o
  CC      drivers/usb/gadget/function/storage_common.o
  CC      drivers/usb/host/xhci.o
  CC      drivers/usb/pd/qpnp-pdphy.o
  CC      drivers/usb/gadget/function/f_fs.o
  CC      drivers/staging/qcacld-3.0/core/hdd/src/wlan_hdd_nan.o
  AR      drivers/usb/pd/built-in.o
  CC      drivers/usb/gadget/udc/core.o
  CC      drivers/staging/qcacld-3.0/core/hdd/src/wlan_hdd_tdls.o
  CC      drivers/usb/gadget/function/f_midi.o
  CC      drivers/usb/host/xhci-mem.o
  CC      drivers/usb/gadget/udc/trace.o
  CC      drivers/usb/gadget/function/f_hid.o
  AR      drivers/usb/gadget/udc/udc-core.o
  AR      drivers/usb/gadget/udc/built-in.o
  AR      drivers/usb/gadget/libcomposite.o
  CC      drivers/usb/gadget/function/f_mtp.o
  CC      drivers/staging/qcacld-3.0/core/hdd/src/wlan_hdd_tsf.o
  CC      drivers/usb/phy/phy.o
  CC      drivers/usb/host/xhci-ring.o
  CC      drivers/usb/gadget/function/f_ptp.o
  CC      drivers/usb/phy/of.o
  CC      drivers/staging/qcacld-3.0/core/hdd/src/wlan_hdd_disa.o
  CC      drivers/usb/gadget/function/f_audio_source.o
  CC      drivers/usb/phy/class-dual-role.o
  CC      drivers/usb/host/xhci-hub.o
  CC      drivers/usb/gadget/function/f_accessory.o
  CC      drivers/usb/phy/phy-generic.o
  CC      drivers/staging/qcacld-3.0/core/hdd/src/wlan_hdd_subnet_detect.o
  CC      drivers/usb/host/xhci-dbg.o
  CC      drivers/usb/gadget/function/f_diag.o
  CC      drivers/usb/phy/phy-qcom-emu.o
  CC      drivers/usb/phy/phy-msm-ssusb-qmp.o
  CC      drivers/usb/host/xhci-trace.o
  CC      drivers/staging/qcacld-3.0/core/hdd/src/wlan_hdd_nan_datapath.o
  CC      drivers/usb/gadget/function/f_cdev.o
  CC      drivers/usb/phy/phy-msm-qusb.o
../drivers/usb/phy/phy-msm-qusb.c:1171:4: warning: misleading indentation; statement is not part of the previous 'if' [-Wmisleading-indentation]
                        dev_err(dev, "couldn't get iface_clk(%d)\n", ret);
                        ^
../drivers/usb/phy/phy-msm-qusb.c:1169:3: note: previous statement is here
                if (ret == -EPROBE_DEFER)
                ^
1 warning generated.
  CC      drivers/usb/phy/phy-msm-qusb-v2.o
  CC      drivers/usb/host/xhci-pci.o
  CC      drivers/usb/gadget/function/f_ccid.o
  CC      drivers/staging/qcacld-3.0/core/hdd/src/wlan_hdd_twt.o
  CC      drivers/usb/phy/phy-msm-snps-hs.o
  CC      drivers/usb/host/xhci-plat.o
  CC      drivers/usb/gadget/function/f_gsi.o
  AR      drivers/usb/host/xhci-hcd.o
  AR      drivers/usb/phy/built-in.o
  AR      drivers/usb/host/xhci-plat-hcd.o
  AR      drivers/usb/host/built-in.o
  CC      drivers/usb/gadget/function/f_qdss.o
  CC      drivers/usb/storage/scsiglue.o
  CC      drivers/staging/qcacld-3.0/core/hdd/src/wlan_hdd_sysfs.o
  CC      drivers/usb/storage/protocol.o
  CC      drivers/usb/storage/transport.o
  CC      drivers/usb/gadget/function/u_qdss.o
  AR      drivers/usb/gadget/function/usb_f_ncm.o
  AR      drivers/usb/gadget/function/usb_f_mass_storage.o
  AR      drivers/usb/gadget/function/usb_f_fs.o
  AR      drivers/usb/gadget/function/usb_f_midi.o
  AR      drivers/usb/gadget/function/usb_f_hid.o
  AR      drivers/usb/gadget/function/usb_f_mtp.o
  AR      drivers/usb/gadget/function/usb_f_ptp.o
  AR      drivers/usb/gadget/function/usb_f_audio_source.o
  CC      drivers/staging/qcacld-3.0/core/hdd/src/wlan_hdd_bcn_recv.o
  AR      drivers/usb/gadget/function/usb_f_accessory.o
  AR      drivers/usb/gadget/function/usb_f_diag.o
  AR      drivers/usb/gadget/function/usb_f_cdev.o
  AR      drivers/usb/gadget/function/usb_f_ccid.o
  AR      drivers/usb/gadget/function/usb_f_gsi.o
  AR      drivers/usb/gadget/function/usb_f_qdss.o
  AR      drivers/usb/gadget/function/built-in.o
  AR      drivers/usb/gadget/built-in.o
  CC      drivers/staging/qcacld-3.0/core/mac/src/cfg/cfg_api.o
  CC      drivers/usb/storage/usb.o
  CC      drivers/staging/qcacld-3.0/core/mac/src/cfg/cfg_param_name.o
  CC      drivers/usb/storage/initializers.o
  CC      drivers/usb/storage/sierra_ms.o
  CC      drivers/staging/qcacld-3.0/core/mac/src/cfg/cfg_proc_msg.o
  CC      drivers/usb/storage/option_ms.o
  CC      drivers/staging/qcacld-3.0/core/mac/src/cfg/cfg_send_msg.o
  CC      drivers/staging/qcacld-3.0/core/mac/src/dph/dph_hash_table.o
  CC      drivers/usb/storage/usual-tables.o
  AR      drivers/usb/storage/usb-storage.o
  AR      drivers/usb/storage/built-in.o
  AR      drivers/usb/built-in.o
  CC      drivers/staging/qcacld-3.0/core/mac/src/pe/lim/lim_aid_mgmt.o
  CC      drivers/staging/qcacld-3.0/core/mac/src/pe/lim/lim_admit_control.o
  CC      drivers/staging/qcacld-3.0/core/mac/src/pe/lim/lim_api.o
  CC      drivers/staging/qcacld-3.0/core/mac/src/pe/lim/lim_assoc_utils.o
  CC      drivers/staging/qcacld-3.0/core/mac/src/pe/lim/lim_ft.o
  CC      drivers/staging/qcacld-3.0/core/mac/src/pe/lim/lim_ibss_peer_mgmt.o
  CC      drivers/staging/qcacld-3.0/core/mac/src/pe/lim/lim_link_monitoring_algo.o
  CC      drivers/staging/qcacld-3.0/core/mac/src/pe/lim/lim_process_action_frame.o
  CC      drivers/staging/qcacld-3.0/core/mac/src/pe/lim/lim_process_assoc_req_frame.o
  CC      drivers/staging/qcacld-3.0/core/mac/src/pe/lim/lim_process_assoc_rsp_frame.o
  CC      drivers/staging/qcacld-3.0/core/mac/src/pe/lim/lim_process_auth_frame.o
  CC      drivers/staging/qcacld-3.0/core/mac/src/pe/lim/lim_process_beacon_frame.o
  CC      drivers/staging/qcacld-3.0/core/mac/src/pe/lim/lim_process_cfg_updates.o
  CC      drivers/staging/qcacld-3.0/core/mac/src/pe/lim/lim_process_deauth_frame.o
  CC      drivers/staging/qcacld-3.0/core/mac/src/pe/lim/lim_process_disassoc_frame.o
  CC      drivers/staging/qcacld-3.0/core/mac/src/pe/lim/lim_process_message_queue.o
  CC      drivers/staging/qcacld-3.0/core/mac/src/pe/lim/lim_process_mlm_req_messages.o
  CC      drivers/staging/qcacld-3.0/core/mac/src/pe/lim/lim_process_mlm_rsp_messages.o
  CC      drivers/staging/qcacld-3.0/core/mac/src/pe/lim/lim_process_probe_req_frame.o
  CC      drivers/staging/qcacld-3.0/core/mac/src/pe/lim/lim_process_probe_rsp_frame.o
  CC      drivers/staging/qcacld-3.0/core/mac/src/pe/lim/lim_process_sme_req_messages.o
  CC      drivers/staging/qcacld-3.0/core/mac/src/pe/lim/lim_prop_exts_utils.o
  CC      drivers/staging/qcacld-3.0/core/mac/src/pe/lim/lim_scan_result_utils.o
  CC      drivers/staging/qcacld-3.0/core/mac/src/pe/lim/lim_security_utils.o
  CC      drivers/staging/qcacld-3.0/core/mac/src/pe/lim/lim_send_management_frames.o
  CC      drivers/staging/qcacld-3.0/core/mac/src/pe/lim/lim_send_messages.o
  CC      drivers/staging/qcacld-3.0/core/mac/src/pe/lim/lim_send_sme_rsp_messages.o
  CC      drivers/staging/qcacld-3.0/core/mac/src/pe/lim/lim_ser_des_utils.o
  CC      drivers/staging/qcacld-3.0/core/mac/src/pe/lim/lim_session.o
  CC      drivers/staging/qcacld-3.0/core/mac/src/pe/lim/lim_session_utils.o
  CC      drivers/staging/qcacld-3.0/core/mac/src/pe/lim/lim_sme_req_utils.o
  CC      drivers/staging/qcacld-3.0/core/mac/src/pe/lim/lim_sta_hash_api.o
  CC      drivers/staging/qcacld-3.0/core/mac/src/pe/lim/lim_timer_utils.o
  CC      drivers/staging/qcacld-3.0/core/mac/src/pe/lim/lim_trace.o
  CC      drivers/staging/qcacld-3.0/core/mac/src/pe/lim/lim_utils.o
  CC      drivers/staging/qcacld-3.0/core/mac/src/pe/lim/lim_process_tdls.o
  CC      drivers/staging/qcacld-3.0/core/mac/src/pe/lim/lim_process_fils.o
  CC      drivers/staging/qcacld-3.0/core/mac/src/pe/lim/lim_process_mlm_host_roam.o
  CC      drivers/staging/qcacld-3.0/core/mac/src/pe/lim/lim_send_frames_host_roam.o
  CC      drivers/staging/qcacld-3.0/core/mac/src/pe/lim/lim_roam_timer_utils.o
  CC      drivers/staging/qcacld-3.0/core/mac/src/pe/lim/lim_ft_preauth.o
  CC      drivers/staging/qcacld-3.0/core/mac/src/pe/lim/lim_reassoc_utils.o
  CC      drivers/staging/qcacld-3.0/core/mac/src/pe/sch/sch_api.o
  CC      drivers/staging/qcacld-3.0/core/mac/src/pe/sch/sch_beacon_gen.o
  CC      drivers/staging/qcacld-3.0/core/mac/src/pe/sch/sch_beacon_process.o
  CC      drivers/staging/qcacld-3.0/core/mac/src/pe/sch/sch_message.o
  CC      drivers/staging/qcacld-3.0/core/mac/src/pe/rrm/rrm_api.o
  CC      drivers/staging/qcacld-3.0/core/mac/src/pe/nan/nan_datapath.o
  CC      drivers/staging/qcacld-3.0/core/sap/src/sap_api_link_cntl.o
  CC      drivers/staging/qcacld-3.0/core/sap/src/sap_ch_select.o
  CC      drivers/staging/qcacld-3.0/core/sap/src/sap_fsm.o
  CC      drivers/staging/qcacld-3.0/core/sap/src/sap_module.o
  CC      drivers/staging/qcacld-3.0/core/sme/src/common/sme_api.o
  CC      drivers/staging/qcacld-3.0/core/sme/src/common/sme_ft_api.o
  CC      drivers/staging/qcacld-3.0/core/sme/src/common/sme_power_save.o
  CC      drivers/staging/qcacld-3.0/core/sme/src/common/sme_trace.o
  CC      drivers/staging/qcacld-3.0/core/sme/src/csr/csr_api_roam.o
  CC      drivers/staging/qcacld-3.0/core/sme/src/csr/csr_api_scan.o
  CC      drivers/staging/qcacld-3.0/core/sme/src/csr/csr_cmd_process.o
  CC      drivers/staging/qcacld-3.0/core/sme/src/csr/csr_link_list.o
  CC      drivers/staging/qcacld-3.0/core/sme/src/csr/csr_neighbor_roam.o
  CC      drivers/staging/qcacld-3.0/core/sme/src/csr/csr_util.o
  CC      drivers/staging/qcacld-3.0/core/sme/src/csr/csr_roam_preauth.o
  CC      drivers/staging/qcacld-3.0/core/sme/src/csr/csr_host_scan_roam.o
  CC      drivers/staging/qcacld-3.0/core/sme/src/qos/sme_qos.o
  CC      drivers/staging/qcacld-3.0/core/sme/src/rrm/sme_rrm.o
  CC      drivers/staging/qcacld-3.0/core/sme/src/nan/nan_api.o
  CC      drivers/staging/qcacld-3.0/core/sme/src/nan/nan_datapath_api.o
  CC      drivers/staging/qcacld-3.0/core/mac/src/sys/common/src/wlan_qct_sys.o
  CC      drivers/staging/qcacld-3.0/core/mac/src/sys/legacy/src/platform/src/sys_wrapper.o
  CC      drivers/staging/qcacld-3.0/core/mac/src/sys/legacy/src/system/src/mac_init_api.o
  CC      drivers/staging/qcacld-3.0/core/mac/src/sys/legacy/src/system/src/sys_entry_func.o
  CC      drivers/staging/qcacld-3.0/core/mac/src/sys/legacy/src/utils/src/dot11f.o
  CC      drivers/staging/qcacld-3.0/core/mac/src/sys/legacy/src/utils/src/mac_trace.o
  CC      drivers/staging/qcacld-3.0/core/mac/src/sys/legacy/src/utils/src/parser_api.o
  CC      drivers/staging/qcacld-3.0/core/mac/src/sys/legacy/src/utils/src/utils_parser.o
  CC      drivers/staging/qcacld-3.0/../qca-wifi-host-cmn/qdf/linux/src/qdf_defer.o
  CC      drivers/staging/qcacld-3.0/../qca-wifi-host-cmn/qdf/linux/src/qdf_event.o
  CC      drivers/staging/qcacld-3.0/../qca-wifi-host-cmn/qdf/linux/src/qdf_file.o
  CC      drivers/staging/qcacld-3.0/../qca-wifi-host-cmn/qdf/linux/src/qdf_list.o
  CC      drivers/staging/qcacld-3.0/../qca-wifi-host-cmn/qdf/linux/src/qdf_lock.o
  CC      drivers/staging/qcacld-3.0/../qca-wifi-host-cmn/qdf/linux/src/qdf_mc_timer.o
  CC      drivers/staging/qcacld-3.0/../qca-wifi-host-cmn/qdf/linux/src/qdf_mem.o
  CC      drivers/staging/qcacld-3.0/../qca-wifi-host-cmn/qdf/linux/src/qdf_nbuf.o
  CC      drivers/staging/qcacld-3.0/../qca-wifi-host-cmn/qdf/linux/src/qdf_threads.o
  CC      drivers/staging/qcacld-3.0/../qca-wifi-host-cmn/qdf/linux/src/qdf_crypto.o
  CC      drivers/staging/qcacld-3.0/../qca-wifi-host-cmn/qdf/linux/src/qdf_trace.o
  CC      drivers/staging/qcacld-3.0/../qca-wifi-host-cmn/qdf/linux/src/qdf_idr.o
  CC      drivers/staging/qcacld-3.0/../qca-wifi-host-cmn/qdf/src/qdf_flex_mem.o
  CC      drivers/staging/qcacld-3.0/../qca-wifi-host-cmn/qdf/src/qdf_parse.o
  CC      drivers/staging/qcacld-3.0/../qca-wifi-host-cmn/qdf/src/qdf_platform.o
  CC      drivers/staging/qcacld-3.0/../qca-wifi-host-cmn/qdf/src/qdf_str.o
  CC      drivers/staging/qcacld-3.0/../qca-wifi-host-cmn/qdf/src/qdf_types.o
  CC      drivers/staging/qcacld-3.0/../qca-wifi-host-cmn/qdf/linux/src/qdf_debugfs.o
  CC      drivers/staging/qcacld-3.0/../qca-wifi-host-cmn/qdf/linux/src/qdf_ipa.o
  CC      drivers/staging/qcacld-3.0/../qca-wifi-host-cmn/qdf/src/qdf_cpuhp.o
  CC      drivers/staging/qcacld-3.0/../qca-wifi-host-cmn/qdf/linux/src/qdf_cpuhp.o
  CC      drivers/staging/qcacld-3.0/../qca-wifi-host-cmn/wbuff/src/wbuff.o
  CC      drivers/staging/qcacld-3.0/core/cds/src/cds_api.o
  CC      drivers/staging/qcacld-3.0/core/cds/src/cds_reg_service.o
  CC      drivers/staging/qcacld-3.0/core/cds/src/cds_packet.o
  CC      drivers/staging/qcacld-3.0/core/cds/src/cds_regdomain.o
  CC      drivers/staging/qcacld-3.0/core/cds/src/cds_sched.o
  CC      drivers/staging/qcacld-3.0/core/cds/src/cds_utils.o
  CC      drivers/staging/qcacld-3.0/../qca-wifi-host-cmn/ftm/dispatcher/src/wlan_ftm_init_deinit.o
  CC      drivers/staging/qcacld-3.0/../qca-wifi-host-cmn/ftm/dispatcher/src/wlan_ftm_ucfg_api.o
  CC      drivers/staging/qcacld-3.0/../qca-wifi-host-cmn/ftm/core/src/wlan_ftm_svc.o
  CC      drivers/staging/qcacld-3.0/../qca-wifi-host-cmn/os_if/linux/ftm/src/wlan_cfg80211_ftm.o
  CC      drivers/staging/qcacld-3.0/../qca-wifi-host-cmn/target_if/ftm/src/target_if_ftm.o
  CC      drivers/staging/qcacld-3.0/core/wma/src/wma_main.o
  CC      drivers/staging/qcacld-3.0/core/wma/src/wma_scan_roam.o
  CC      drivers/staging/qcacld-3.0/core/wma/src/wma_dev_if.o
  CC      drivers/staging/qcacld-3.0/core/wma/src/wma_mgmt.o
  CC      drivers/staging/qcacld-3.0/core/wma/src/wma_power.o
  CC      drivers/staging/qcacld-3.0/core/wma/src/wma_data.o
  CC      drivers/staging/qcacld-3.0/core/wma/src/wma_utils.o
  CC      drivers/staging/qcacld-3.0/core/wma/src/wma_features.o
  CC      drivers/staging/qcacld-3.0/core/wma/src/wlan_qct_wma_legacy.o
  CC      drivers/staging/qcacld-3.0/core/wma/src/wma_nan_datapath.o
  CC      drivers/staging/qcacld-3.0/core/wma/src/wma_fips_api.o
  CC      drivers/staging/qcacld-3.0/core/wma/src/wma_twt.o
  CC      drivers/staging/qcacld-3.0/core/wma/src/wma_coex.o
  CC      drivers/staging/qcacld-3.0/core/dp/txrx/ol_txrx.o
  CC      drivers/staging/qcacld-3.0/core/dp/txrx/ol_cfg.o
  CC      drivers/staging/qcacld-3.0/core/dp/txrx/ol_rx.o
  CC      drivers/staging/qcacld-3.0/core/dp/txrx/ol_rx_fwd.o
  CC      drivers/staging/qcacld-3.0/core/dp/txrx/ol_rx_defrag.o
  CC      drivers/staging/qcacld-3.0/core/dp/txrx/ol_tx_desc.o
  CC      drivers/staging/qcacld-3.0/core/dp/txrx/ol_tx.o
  CC      drivers/staging/qcacld-3.0/core/dp/txrx/ol_rx_reorder_timeout.o
  CC      drivers/staging/qcacld-3.0/core/dp/txrx/ol_rx_reorder.o
  CC      drivers/staging/qcacld-3.0/core/dp/txrx/ol_rx_pn.o
  CC      drivers/staging/qcacld-3.0/core/dp/txrx/ol_tx_queue.o
  CC      drivers/staging/qcacld-3.0/core/dp/txrx/ol_txrx_peer_find.o
  CC      drivers/staging/qcacld-3.0/core/dp/txrx/ol_txrx_encap.o
  CC      drivers/staging/qcacld-3.0/core/dp/txrx/ol_tx_send.o
  CC      drivers/staging/qcacld-3.0/core/dp/txrx/ol_tx_sched.o
  CC      drivers/staging/qcacld-3.0/core/dp/txrx/ol_tx_classify.o
  CC      drivers/staging/qcacld-3.0/core/dp/txrx/ol_txrx_event.o
  CC      drivers/staging/qcacld-3.0/core/dp/txrx/ol_txrx_flow_control.o
  CC      drivers/staging/qcacld-3.0/core/dp/txrx/ol_txrx_ipa.o
  CC      drivers/staging/qcacld-3.0/core/dp/txrx/ol_tx_ll_fastpath.o
  CC      drivers/staging/qcacld-3.0/../qca-wifi-host-cmn/wmi/src/wmi_unified.o
  CC      drivers/staging/qcacld-3.0/../qca-wifi-host-cmn/wmi/src/wmi_tlv_helper.o
  CC      drivers/staging/qcacld-3.0/../qca-wifi-host-cmn/wmi/src/wmi_unified_tlv.o
  CC      drivers/staging/qcacld-3.0/../qca-wifi-host-cmn/wmi/src/wmi_unified_api.o
  CC      drivers/staging/qcacld-3.0/../qca-wifi-host-cmn/wmi/src/wmi_unified_reg_api.o
  CC      drivers/staging/qcacld-3.0/../qca-wifi-host-cmn/wmi/src/wmi_unified_pmo_api.o
  CC      drivers/staging/qcacld-3.0/../qca-wifi-host-cmn/wmi/src/wmi_unified_apf_tlv.o
  CC      drivers/staging/qcacld-3.0/../qca-wifi-host-cmn/wmi/src/wmi_unified_action_oui_tlv.o
  CC      drivers/staging/qcacld-3.0/../qca-wifi-host-cmn/wmi/src/wmi_unified_dfs_api.o
  CC      drivers/staging/qcacld-3.0/../qca-wifi-host-cmn/wmi/src/wmi_unified_twt_api.o
  CC      drivers/staging/qcacld-3.0/../qca-wifi-host-cmn/wmi/src/wmi_unified_twt_tlv.o
  CC      drivers/staging/qcacld-3.0/../qca-wifi-host-cmn/wmi/src/wmi_unified_extscan_api.o
  CC      drivers/staging/qcacld-3.0/../qca-wifi-host-cmn/wmi/src/wmi_unified_extscan_tlv.o
  CC      drivers/staging/qcacld-3.0/../qca-wifi-host-cmn/htc/htc.o
  CC      drivers/staging/qcacld-3.0/../qca-wifi-host-cmn/htc/htc_send.o
  CC      drivers/staging/qcacld-3.0/../qca-wifi-host-cmn/htc/htc_recv.o
  CC      drivers/staging/qcacld-3.0/../qca-wifi-host-cmn/htc/htc_services.o
  CC      drivers/staging/qcacld-3.0/../qca-wifi-host-cmn/htc/htc_credit_history.o
  CC      drivers/staging/qcacld-3.0/../qca-wifi-host-cmn/init_deinit/dispatcher/src/dispatcher_init_deinit.o
  CC      drivers/staging/qcacld-3.0/../qca-wifi-host-cmn/scheduler/src/scheduler_api.o
  CC      drivers/staging/qcacld-3.0/../qca-wifi-host-cmn/scheduler/src/scheduler_core.o
  CC      drivers/staging/qcacld-3.0/../qca-wifi-host-cmn/umac/regulatory/core/src/reg_db.o
  CC      drivers/staging/qcacld-3.0/../qca-wifi-host-cmn/umac/regulatory/core/src/reg_services.o
  CC      drivers/staging/qcacld-3.0/../qca-wifi-host-cmn/umac/regulatory/core/src/reg_db_parser.o
  CC      drivers/staging/qcacld-3.0/../qca-wifi-host-cmn/umac/regulatory/dispatcher/src/wlan_reg_services_api.o
  CC      drivers/staging/qcacld-3.0/../qca-wifi-host-cmn/umac/regulatory/dispatcher/src/wlan_reg_tgt_api.o
  CC      drivers/staging/qcacld-3.0/../qca-wifi-host-cmn/umac/regulatory/dispatcher/src/wlan_reg_ucfg_api.o
  CC      drivers/staging/qcacld-3.0/../qca-wifi-host-cmn/hif/src/hif_napi.o
  CC      drivers/staging/qcacld-3.0/../qca-wifi-host-cmn/hif/src/dispatcher/multibus.o
  CC      drivers/staging/qcacld-3.0/../qca-wifi-host-cmn/hif/src/dispatcher/dummy.o
  CC      drivers/staging/qcacld-3.0/../qca-wifi-host-cmn/hif/src/ath_procfs.o
  CC      drivers/staging/qcacld-3.0/../qca-wifi-host-cmn/hif/src/hif_main.o
  CC      drivers/staging/qcacld-3.0/../qca-wifi-host-cmn/hif/src/mp_dev.o
  CC      drivers/staging/qcacld-3.0/../qca-wifi-host-cmn/hif/src/hif_exec.o
  CC      drivers/staging/qcacld-3.0/../qca-wifi-host-cmn/hif/src/hif_irq_affinity.o
  CC      drivers/staging/qcacld-3.0/../qca-wifi-host-cmn/hif/src/snoc/if_snoc.o
  CC      drivers/staging/qcacld-3.0/../qca-wifi-host-cmn/hif/src/ce/ce_bmi.o
  CC      drivers/staging/qcacld-3.0/../qca-wifi-host-cmn/hif/src/ce/ce_diag.o
  CC      drivers/staging/qcacld-3.0/../qca-wifi-host-cmn/hif/src/ce/ce_main.o
  CC      drivers/staging/qcacld-3.0/../qca-wifi-host-cmn/hif/src/ce/ce_service.o
  CC      drivers/staging/qcacld-3.0/../qca-wifi-host-cmn/hif/src/ce/ce_tasklet.o
  CC      drivers/staging/qcacld-3.0/../qca-wifi-host-cmn/hif/src/regtable.o
  CC      drivers/staging/qcacld-3.0/../qca-wifi-host-cmn/hif/src/dispatcher/multibus_snoc.o
  CC      drivers/staging/qcacld-3.0/core/bmi/src/bmi.o
  CC      drivers/staging/qcacld-3.0/core/bmi/src/ol_fw.o
  CC      drivers/staging/qcacld-3.0/core/bmi/src/ol_fw_common.o
  CC      drivers/staging/qcacld-3.0/core/bmi/src/bmi_1.o
  CC      drivers/staging/qcacld-3.0/core/dp/htt/htt_tx.o
  CC      drivers/staging/qcacld-3.0/core/dp/htt/htt.o
  CC      drivers/staging/qcacld-3.0/core/dp/htt/htt_t2h.o
  CC      drivers/staging/qcacld-3.0/core/dp/htt/htt_h2t.o
  CC      drivers/staging/qcacld-3.0/core/dp/htt/htt_fw_stats.o
  CC      drivers/staging/qcacld-3.0/core/dp/htt/htt_rx.o
  CC      drivers/staging/qcacld-3.0/../qca-wifi-host-cmn/os_if/linux/p2p/src/wlan_cfg80211_p2p.o
  CC      drivers/staging/qcacld-3.0/../qca-wifi-host-cmn/os_if/linux/wlan_osif_request_manager.o
  CC      drivers/staging/qcacld-3.0/../qca-wifi-host-cmn/target_if/core/src/target_if_main.o
  CC      drivers/staging/qcacld-3.0/../qca-wifi-host-cmn/target_if/p2p/src/target_if_p2p.o
  CC      drivers/staging/qcacld-3.0/../qca-wifi-host-cmn/target_if/regulatory/src/target_if_reg.o
  CC      drivers/staging/qcacld-3.0/../qca-wifi-host-cmn/target_if/tdls/src/target_if_tdls.o
  CC      drivers/staging/qcacld-3.0/../qca-wifi-host-cmn/target_if/init_deinit/src/init_cmd_api.o
  CC      drivers/staging/qcacld-3.0/../qca-wifi-host-cmn/target_if/init_deinit/src/init_deinit_lmac.o
  CC      drivers/staging/qcacld-3.0/../qca-wifi-host-cmn/target_if/init_deinit/src/init_event_handler.o
  CC      drivers/staging/qcacld-3.0/../qca-wifi-host-cmn/target_if/init_deinit/src/service_ready_util.o
  CC      drivers/staging/qcacld-3.0/components/target_if/pmo/src/target_if_pmo_arp.o
  CC      drivers/staging/qcacld-3.0/components/target_if/pmo/src/target_if_pmo_gtk.o
  CC      drivers/staging/qcacld-3.0/components/target_if/pmo/src/target_if_pmo_hw_filter.o
  CC      drivers/staging/qcacld-3.0/components/target_if/pmo/src/target_if_pmo_lphb.o
  CC      drivers/staging/qcacld-3.0/components/target_if/pmo/src/target_if_pmo_main.o
  CC      drivers/staging/qcacld-3.0/components/target_if/pmo/src/target_if_pmo_mc_addr_filtering.o
  CC      drivers/staging/qcacld-3.0/components/target_if/pmo/src/target_if_pmo_ns.o
  CC      drivers/staging/qcacld-3.0/components/target_if/pmo/src/target_if_pmo_pkt_filter.o
  CC      drivers/staging/qcacld-3.0/components/target_if/pmo/src/target_if_pmo_static_config.o
  CC      drivers/staging/qcacld-3.0/components/target_if/pmo/src/target_if_pmo_suspend_resume.o
  CC      drivers/staging/qcacld-3.0/components/target_if/pmo/src/target_if_pmo_wow.o
  CC      drivers/staging/qcacld-3.0/components/target_if/disa/src/target_if_disa.o
  CC      drivers/staging/qcacld-3.0/components/target_if/ipa/src/target_if_ipa.o
  CC      drivers/staging/qcacld-3.0/components/target_if/action_oui/src/target_if_action_oui.o
  CC      drivers/staging/qcacld-3.0/../qca-wifi-host-cmn/global_lmac_if/src/wlan_global_lmac_if.o
  CC      drivers/staging/qcacld-3.0/../qca-wifi-host-cmn/umac/dfs/core/src/misc/dfs.o
  CC      drivers/staging/qcacld-3.0/../qca-wifi-host-cmn/umac/dfs/core/src/misc/dfs_cac.o
  CC      drivers/staging/qcacld-3.0/../qca-wifi-host-cmn/umac/dfs/core/src/misc/dfs_nol.o
  CC      drivers/staging/qcacld-3.0/../qca-wifi-host-cmn/umac/dfs/core/src/misc/dfs_random_chan_sel.o
  CC      drivers/staging/qcacld-3.0/../qca-wifi-host-cmn/umac/dfs/core/src/misc/dfs_process_radar_found_ind.o
  CC      drivers/staging/qcacld-3.0/../qca-wifi-host-cmn/umac/dfs/dispatcher/src/wlan_dfs_init_deinit_api.o
  CC      drivers/staging/qcacld-3.0/../qca-wifi-host-cmn/umac/dfs/dispatcher/src/wlan_dfs_lmac_api.o
  CC      drivers/staging/qcacld-3.0/../qca-wifi-host-cmn/umac/dfs/dispatcher/src/wlan_dfs_mlme_api.o
  CC      drivers/staging/qcacld-3.0/../qca-wifi-host-cmn/umac/dfs/dispatcher/src/wlan_dfs_tgt_api.o
  CC      drivers/staging/qcacld-3.0/../qca-wifi-host-cmn/umac/dfs/dispatcher/src/wlan_dfs_ucfg_api.o
  CC      drivers/staging/qcacld-3.0/../qca-wifi-host-cmn/umac/dfs/dispatcher/src/wlan_dfs_utils_api.o
  CC      drivers/staging/qcacld-3.0/../qca-wifi-host-cmn/target_if/dfs/src/target_if_dfs.o
  CC      drivers/staging/qcacld-3.0/../qca-wifi-host-cmn/target_if/dfs/src/target_if_dfs_partial_offload.o
  CC      drivers/staging/qcacld-3.0/../qca-wifi-host-cmn/umac/dfs/core/src/filtering/dfs_fcc_bin5.o
  CC      drivers/staging/qcacld-3.0/../qca-wifi-host-cmn/umac/dfs/core/src/filtering/dfs_bindetects.o
  CC      drivers/staging/qcacld-3.0/../qca-wifi-host-cmn/umac/dfs/core/src/filtering/dfs_debug.o
  CC      drivers/staging/qcacld-3.0/../qca-wifi-host-cmn/umac/dfs/core/src/filtering/dfs_init.o
  CC      drivers/staging/qcacld-3.0/../qca-wifi-host-cmn/umac/dfs/core/src/filtering/dfs_misc.o
  CC      drivers/staging/qcacld-3.0/../qca-wifi-host-cmn/umac/dfs/core/src/filtering/dfs_phyerr_tlv.o
  CC      drivers/staging/qcacld-3.0/../qca-wifi-host-cmn/umac/dfs/core/src/filtering/dfs_process_phyerr.o
  CC      drivers/staging/qcacld-3.0/../qca-wifi-host-cmn/umac/dfs/core/src/filtering/dfs_process_radarevent.o
  CC      drivers/staging/qcacld-3.0/../qca-wifi-host-cmn/umac/dfs/core/src/filtering/dfs_staggered.o
  CC      drivers/staging/qcacld-3.0/../qca-wifi-host-cmn/umac/dfs/core/src/filtering/dfs_radar.o
  CC      drivers/staging/qcacld-3.0/../qca-wifi-host-cmn/umac/dfs/core/src/filtering/dfs_ar.o
  CC      drivers/staging/qcacld-3.0/../qca-wifi-host-cmn/umac/dfs/core/src/filtering/dfs_partial_offload_radar.o
  CC      drivers/staging/qcacld-3.0/../qca-wifi-host-cmn/umac/dfs/core/src/misc/dfs_filter_init.o
  CC      drivers/staging/qcacld-3.0/../qca-wifi-host-cmn/umac/dfs/core/src/misc/dfs_zero_cac.o
  CC      drivers/staging/qcacld-3.0/../qca-wifi-host-cmn/umac/cmn_services/obj_mgr/src/wlan_objmgr_global_obj.o
  CC      drivers/staging/qcacld-3.0/../qca-wifi-host-cmn/umac/cmn_services/obj_mgr/src/wlan_objmgr_pdev_obj.o
  CC      drivers/staging/qcacld-3.0/../qca-wifi-host-cmn/umac/cmn_services/obj_mgr/src/wlan_objmgr_peer_obj.o
  CC      drivers/staging/qcacld-3.0/../qca-wifi-host-cmn/umac/cmn_services/obj_mgr/src/wlan_objmgr_psoc_obj.o
  CC      drivers/staging/qcacld-3.0/../qca-wifi-host-cmn/umac/cmn_services/obj_mgr/src/wlan_objmgr_vdev_obj.o
  CC      drivers/staging/qcacld-3.0/../qca-wifi-host-cmn/umac/wifi_pos/src/wifi_pos_api.o
  CC      drivers/staging/qcacld-3.0/../qca-wifi-host-cmn/umac/wifi_pos/src/wifi_pos_main.o
  CC      drivers/staging/qcacld-3.0/../qca-wifi-host-cmn/umac/wifi_pos/src/wifi_pos_ucfg.o
  CC      drivers/staging/qcacld-3.0/../qca-wifi-host-cmn/umac/wifi_pos/src/wifi_pos_utils.o
  CC      drivers/staging/qcacld-3.0/../qca-wifi-host-cmn/os_if/linux/wifi_pos/src/os_if_wifi_pos.o
  CC      drivers/staging/qcacld-3.0/../qca-wifi-host-cmn/target_if/wifi_pos/src/target_if_wifi_pos.o
  CC      drivers/staging/qcacld-3.0/../qca-wifi-host-cmn/umac/nan/core/src/nan_main.o
  CC      drivers/staging/qcacld-3.0/../qca-wifi-host-cmn/umac/nan/core/src/nan_api.o
  CC      drivers/staging/qcacld-3.0/../qca-wifi-host-cmn/umac/nan/core/src/nan_utils.o
  CC      drivers/staging/qcacld-3.0/../qca-wifi-host-cmn/umac/nan/dispatcher/src/nan_ucfg_api.o
  CC      drivers/staging/qcacld-3.0/../qca-wifi-host-cmn/target_if/nan/src/target_if_nan.o
  CC      drivers/staging/qcacld-3.0/../qca-wifi-host-cmn/os_if/linux/nan/src/os_if_nan.o
  CC      drivers/staging/qcacld-3.0/../qca-wifi-host-cmn/umac/cmn_services/mgmt_txrx/core/src/wlan_mgmt_txrx_main.o
  CC      drivers/staging/qcacld-3.0/../qca-wifi-host-cmn/umac/cmn_services/mgmt_txrx/dispatcher/src/wlan_mgmt_txrx_utils_api.o
  CC      drivers/staging/qcacld-3.0/../qca-wifi-host-cmn/umac/cmn_services/mgmt_txrx/dispatcher/src/wlan_mgmt_txrx_tgt_api.o
  CC      drivers/staging/qcacld-3.0/../qca-wifi-host-cmn/umac/tdls/core/src/wlan_tdls_main.o
  CC      drivers/staging/qcacld-3.0/../qca-wifi-host-cmn/umac/tdls/core/src/wlan_tdls_cmds_process.o
  CC      drivers/staging/qcacld-3.0/../qca-wifi-host-cmn/umac/tdls/core/src/wlan_tdls_peer.o
  CC      drivers/staging/qcacld-3.0/../qca-wifi-host-cmn/umac/tdls/core/src/wlan_tdls_mgmt.o
  CC      drivers/staging/qcacld-3.0/../qca-wifi-host-cmn/umac/tdls/core/src/wlan_tdls_ct.o
  CC      drivers/staging/qcacld-3.0/../qca-wifi-host-cmn/umac/tdls/dispatcher/src/wlan_tdls_tgt_api.o
  CC      drivers/staging/qcacld-3.0/../qca-wifi-host-cmn/umac/tdls/dispatcher/src/wlan_tdls_ucfg_api.o
  CC      drivers/staging/qcacld-3.0/../qca-wifi-host-cmn/umac/tdls/dispatcher/src/wlan_tdls_utils_api.o
  CC      drivers/staging/qcacld-3.0/../qca-wifi-host-cmn/os_if/linux/tdls/src/wlan_cfg80211_tdls.o
  CC      drivers/staging/qcacld-3.0/components/pmo/core/src/wlan_pmo_main.o
  CC      drivers/staging/qcacld-3.0/components/pmo/core/src/wlan_pmo_apf.o
  CC      drivers/staging/qcacld-3.0/components/pmo/core/src/wlan_pmo_arp.o
  CC      drivers/staging/qcacld-3.0/components/pmo/core/src/wlan_pmo_ns.o
  CC      drivers/staging/qcacld-3.0/components/pmo/core/src/wlan_pmo_gtk.o
  CC      drivers/staging/qcacld-3.0/components/pmo/core/src/wlan_pmo_mc_addr_filtering.o
  CC      drivers/staging/qcacld-3.0/components/pmo/core/src/wlan_pmo_static_config.o
  CC      drivers/staging/qcacld-3.0/components/pmo/core/src/wlan_pmo_wow.o
  CC      drivers/staging/qcacld-3.0/components/pmo/core/src/wlan_pmo_lphb.o
  CC      drivers/staging/qcacld-3.0/components/pmo/core/src/wlan_pmo_suspend_resume.o
  CC      drivers/staging/qcacld-3.0/components/pmo/core/src/wlan_pmo_hw_filter.o
  CC      drivers/staging/qcacld-3.0/components/pmo/core/src/wlan_pmo_pkt_filter.o
  CC      drivers/staging/qcacld-3.0/components/pmo/dispatcher/src/wlan_pmo_obj_mgmt_api.o
  CC      drivers/staging/qcacld-3.0/components/pmo/dispatcher/src/wlan_pmo_ucfg_api.o
  CC      drivers/staging/qcacld-3.0/components/pmo/dispatcher/src/wlan_pmo_tgt_arp.o
  CC      drivers/staging/qcacld-3.0/components/pmo/dispatcher/src/wlan_pmo_tgt_ns.o
  CC      drivers/staging/qcacld-3.0/components/pmo/dispatcher/src/wlan_pmo_tgt_gtk.o
  CC      drivers/staging/qcacld-3.0/components/pmo/dispatcher/src/wlan_pmo_tgt_wow.o
  CC      drivers/staging/qcacld-3.0/components/pmo/dispatcher/src/wlan_pmo_tgt_static_config.o
  CC      drivers/staging/qcacld-3.0/components/pmo/dispatcher/src/wlan_pmo_tgt_mc_addr_filtering.o
  CC      drivers/staging/qcacld-3.0/components/pmo/dispatcher/src/wlan_pmo_tgt_lphb.o
  CC      drivers/staging/qcacld-3.0/components/pmo/dispatcher/src/wlan_pmo_tgt_suspend_resume.o
  CC      drivers/staging/qcacld-3.0/components/pmo/dispatcher/src/wlan_pmo_tgt_hw_filter.o
  CC      drivers/staging/qcacld-3.0/components/pmo/dispatcher/src/wlan_pmo_tgt_pkt_filter.o
  CC      drivers/staging/qcacld-3.0/../qca-wifi-host-cmn/umac/p2p/dispatcher/src/wlan_p2p_ucfg_api.o
  CC      drivers/staging/qcacld-3.0/../qca-wifi-host-cmn/umac/p2p/dispatcher/src/wlan_p2p_tgt_api.o
  CC      drivers/staging/qcacld-3.0/../qca-wifi-host-cmn/umac/p2p/core/src/wlan_p2p_main.o
  CC      drivers/staging/qcacld-3.0/../qca-wifi-host-cmn/umac/p2p/core/src/wlan_p2p_roc.o
  CC      drivers/staging/qcacld-3.0/../qca-wifi-host-cmn/umac/p2p/core/src/wlan_p2p_off_chan_tx.o
  CC      drivers/staging/qcacld-3.0/../qca-wifi-host-cmn/umac/cmn_services/policy_mgr/src/wlan_policy_mgr_action.o
  CC      drivers/staging/qcacld-3.0/../qca-wifi-host-cmn/umac/cmn_services/policy_mgr/src/wlan_policy_mgr_core.o
  CC      drivers/staging/qcacld-3.0/../qca-wifi-host-cmn/umac/cmn_services/policy_mgr/src/wlan_policy_mgr_get_set_utils.o
  CC      drivers/staging/qcacld-3.0/../qca-wifi-host-cmn/umac/cmn_services/policy_mgr/src/wlan_policy_mgr_init_deinit.o
  CC      drivers/staging/qcacld-3.0/../qca-wifi-host-cmn/umac/cmn_services/policy_mgr/src/wlan_policy_mgr_pcl.o
  CC      drivers/staging/qcacld-3.0/../qca-wifi-host-cmn/utils/nlink/src/wlan_nlink_srv.o
  CC      drivers/staging/qcacld-3.0/../qca-wifi-host-cmn/utils/ptt/src/wlan_ptt_sock_svc.o
  CC      drivers/staging/qcacld-3.0/../qca-wifi-host-cmn/umac/cmn_services/serialization/src/wlan_serialization_dequeue.o
  CC      drivers/staging/qcacld-3.0/../qca-wifi-host-cmn/umac/cmn_services/serialization/src/wlan_serialization_enqueue.o
  CC      drivers/staging/qcacld-3.0/../qca-wifi-host-cmn/umac/cmn_services/serialization/src/wlan_serialization_main.o
  CC      drivers/staging/qcacld-3.0/../qca-wifi-host-cmn/umac/cmn_services/serialization/src/wlan_serialization_api.o
  CC      drivers/staging/qcacld-3.0/../qca-wifi-host-cmn/umac/cmn_services/serialization/src/wlan_serialization_utils.o
  CC      drivers/staging/qcacld-3.0/../qca-wifi-host-cmn/umac/cmn_services/serialization/src/wlan_serialization_legacy_api.o
  CC      drivers/staging/qcacld-3.0/../qca-wifi-host-cmn/umac/cmn_services/serialization/src/wlan_serialization_rules.o
  CC      drivers/staging/qcacld-3.0/core/pld/src/pld_common.o
  CC      drivers/staging/qcacld-3.0/core/pld/src/pld_snoc.o
  CC      drivers/staging/qcacld-3.0/components/mlme/core/src/wlan_mlme_main.o
  CC      drivers/staging/qcacld-3.0/components/mlme/dispatcher/src/wlan_mlme_ucfg_api.o
  CC      drivers/staging/qcacld-3.0/components/ipa/dispatcher/src/wlan_ipa_ucfg_api.o
  CC      drivers/staging/qcacld-3.0/components/ipa/dispatcher/src/wlan_ipa_obj_mgmt_api.o
  CC      drivers/staging/qcacld-3.0/components/ipa/dispatcher/src/wlan_ipa_tgt_api.o
  CC      drivers/staging/qcacld-3.0/components/ipa/core/src/wlan_ipa_main.o
  CC      drivers/staging/qcacld-3.0/components/ipa/core/src/wlan_ipa_core.o
  CC      drivers/staging/qcacld-3.0/components/ipa/core/src/wlan_ipa_stats.o
  CC      drivers/staging/qcacld-3.0/components/ipa/core/src/wlan_ipa_rm.o
  CC      drivers/staging/qcacld-3.0/../qca-wifi-host-cmn/utils/pktlog/pktlog_ac.o
  CC      drivers/staging/qcacld-3.0/../qca-wifi-host-cmn/utils/pktlog/pktlog_internal.o
  CC      drivers/staging/qcacld-3.0/../qca-wifi-host-cmn/utils/pktlog/linux_ac.o
  CC      drivers/staging/qcacld-3.0/components/disa/core/src/wlan_disa_main.o
  CC      drivers/staging/qcacld-3.0/components/disa/dispatcher/src/wlan_disa_obj_mgmt_api.o
  CC      drivers/staging/qcacld-3.0/components/disa/dispatcher/src/wlan_disa_tgt_api.o
  CC      drivers/staging/qcacld-3.0/components/disa/dispatcher/src/wlan_disa_ucfg_api.o
  CC      drivers/staging/qcacld-3.0/components/action_oui/core/src/wlan_action_oui_main.o
  CC      drivers/staging/qcacld-3.0/components/action_oui/core/src/wlan_action_oui_parse.o
  CC      drivers/staging/qcacld-3.0/components/action_oui/dispatcher/src/wlan_action_oui_tgt_api.o
  CC      drivers/staging/qcacld-3.0/components/action_oui/dispatcher/src/wlan_action_oui_ucfg_api.o
  CC      drivers/staging/qcacld-3.0/../qca-wifi-host-cmn/umac/global_umac_dispatcher/lmac_if/src/wlan_lmac_if.o
  CC      drivers/staging/qcacld-3.0/../qca-wifi-host-cmn/umac/scan/core/src/wlan_scan_cache_db.o
  CC      drivers/staging/qcacld-3.0/../qca-wifi-host-cmn/umac/scan/core/src/wlan_scan_11d.o
  CC      drivers/staging/qcacld-3.0/../qca-wifi-host-cmn/umac/scan/core/src/wlan_scan_bss_score.o
  CC      drivers/staging/qcacld-3.0/../qca-wifi-host-cmn/umac/scan/core/src/wlan_scan_filter.o
  CC      drivers/staging/qcacld-3.0/../qca-wifi-host-cmn/umac/scan/core/src/wlan_scan_main.o
  CC      drivers/staging/qcacld-3.0/../qca-wifi-host-cmn/umac/scan/core/src/wlan_scan_manager.o
  CC      drivers/staging/qcacld-3.0/../qca-wifi-host-cmn/umac/scan/dispatcher/src/wlan_scan_tgt_api.o
  CC      drivers/staging/qcacld-3.0/../qca-wifi-host-cmn/umac/scan/dispatcher/src/wlan_scan_ucfg_api.o
  CC      drivers/staging/qcacld-3.0/../qca-wifi-host-cmn/umac/scan/dispatcher/src/wlan_scan_utils_api.o
  CC      drivers/staging/qcacld-3.0/../qca-wifi-host-cmn/os_if/linux/scan/src/wlan_cfg80211_scan.o
  CC      drivers/staging/qcacld-3.0/../qca-wifi-host-cmn/os_if/linux/wlan_cfg80211.o
  CC      drivers/staging/qcacld-3.0/../qca-wifi-host-cmn/target_if/scan/src/target_if_scan.o
  CC      drivers/staging/qcacld-3.0/../qca-wifi-host-cmn/umac/cmn_services/utils/src/wlan_utility.o
  CC      drivers/staging/qcacld-3.0/../qca-wifi-host-cmn/wlan_cfg/wlan_cfg.o
  CC      drivers/staging/qcacld-3.0/../qca-wifi-host-cmn/spectral/core/spectral_offload.o
  CC      drivers/staging/qcacld-3.0/../qca-wifi-host-cmn/spectral/core/spectral_common.o
  CC      drivers/staging/qcacld-3.0/../qca-wifi-host-cmn/spectral/dispatcher/src/wlan_spectral_ucfg_api.o
  CC      drivers/staging/qcacld-3.0/../qca-wifi-host-cmn/spectral/dispatcher/src/wlan_spectral_utils_api.o
  CC      drivers/staging/qcacld-3.0/../qca-wifi-host-cmn/spectral/dispatcher/src/wlan_spectral_tgt_api.o
  CC      drivers/staging/qcacld-3.0/../qca-wifi-host-cmn/os_if/linux/spectral/src/wlan_cfg80211_spectral.o
  CC      drivers/staging/qcacld-3.0/../qca-wifi-host-cmn/os_if/linux/spectral/src/os_if_spectral_netlink.o
  CC      drivers/staging/qcacld-3.0/../qca-wifi-host-cmn/target_if/spectral/target_if_spectral_netlink.o
  CC      drivers/staging/qcacld-3.0/../qca-wifi-host-cmn/target_if/spectral/target_if_spectral_phyerr.o
  CC      drivers/staging/qcacld-3.0/../qca-wifi-host-cmn/target_if/spectral/target_if_spectral.o
  CC      drivers/staging/qcacld-3.0/../qca-wifi-host-cmn/target_if/spectral/target_if_spectral_sim.o
  CC      drivers/staging/qcacld-3.0/../qca-wifi-host-cmn/umac/green_ap/core/src/wlan_green_ap_main.o
  CC      drivers/staging/qcacld-3.0/../qca-wifi-host-cmn/umac/green_ap/dispatcher/src/wlan_green_ap_api.o
  CC      drivers/staging/qcacld-3.0/../qca-wifi-host-cmn/umac/green_ap/dispatcher/src/wlan_green_ap_ucfg_api.o
  CC      drivers/staging/qcacld-3.0/../qca-wifi-host-cmn/target_if/green_ap/src/target_if_green_ap.o
  AR      drivers/staging/qcacld-3.0/wlan.o
  AR      drivers/staging/qcacld-3.0/built-in.o
  AR      drivers/staging/built-in.o
  AR      drivers/built-in.o
make[1]: Leaving directory '/home/runner/work/kernel_xiaomi_sm6250/kernel_xiaomi_sm6250/out'
make: *** [Makefile:146: sub-make] Error 2
